시도명,시군구명,도로명,소재지도로,소재지지번,횡단보도관,횡단보도종,자전거횡단,고원식적용,위도,경도,차로수,횡단보도폭,횡단보도연,보행자신호,보행자작동,음향신호기,녹색신호시,적색신호시,교통섬유무,보도턱낮춤,점자블록유,집중조명시,관리기관명,관리기관전,데이터기준,제공기관코,제공기관명,속도,사고건수
경상남도,남해군,남해대로,,경상남도 남해군 고현면 도마리 145-2,남해-7,1,,N,34.87030858,127.8930906,2,6,18,N,N,N,25,,N,N,N,N,경상남도 남해군,055-860-3454,2021-04-01,5430000,경상남도 남해군,0.72,0
경상남도,남해군,남해대로,,경상남도 남해군 고현면 도마리 145-2,남해-6,1,,N,34.87030858,127.8930906,2,6,10,N,N,Y,25,165,N,Y,N,N,경상남도 남해군,055-860-3454,2021-04-01,5430000,경상남도 남해군,0.4,0
경상남도,남해군,남해대로,,경상남도 남해군 고현면 도마리 119-1,남해-5,1,,N,34.86876721,127.8933004,2,6,20,N,N,N,25,,N,N,N,N,경상남도 남해군,055-860-3454,2021-04-01,5430000,경상남도 남해군,0.8,0
경상남도,남해군,남해대로,,경상남도 남해군 고현면 도마리 119-1,남해-4,1,,N,34.86876721,127.8933004,2,6,8,N,N,N,25,165,N,Y,N,Y,경상남도 남해군,055-860-3454,2021-04-01,5430000,경상남도 남해군,0.32,0
경상남도,남해군,서부로,,경상남도 남해군 창선면 지족리 317-3,남해-307,1,,N,34.83721548,127.9966645,2,8,15,N,N,N,20,,N,N,N,N,경상남도 남해군,055-860-3454,2021-04-01,5430000,경상남도 남해군,0.75,0
경상남도,남해군,서부로,,경상남도 남해군 창선면 지족리 360-1,남해-308,1,,N,34.83771109,127.9912085,2,8,15,N,N,N,20,,N,Y,N,N,경상남도 남해군,055-860-3454,2021-04-01,5430000,경상남도 남해군,0.75,0
경상남도,남해군,서부로,,경상남도 남해군 창선면 지족리 821-3,남해-309,1,,N,34.84659756,127.974007,2,8,15,N,N,N,20,,N,N,N,Y,경상남도 남해군,055-860-3454,2021-04-01,5430000,경상남도 남해군,0.75,0
경상남도,남해군,서부로,,경상남도 남해군 창선면 지족리 792-6,남해-310,1,,N,34.84264983,127.9784366,2,8,15,N,N,N,20,,N,N,N,Y,경상남도 남해군,055-860-3454,2021-04-01,5430000,경상남도 남해군,0.75,0
경상남도,남해군,서부로,,경상남도 남해군 창선면 지족리 821-3,남해-311,1,,N,34.8464805,127.974696,2,8,15,N,N,N,20,,N,N,N,N,경상남도 남해군,055-860-3454,2021-04-01,5430000,경상남도 남해군,0.75,0
경상남도,남해군,서부로,,경상남도 남해군 창선면 지족리 873,남해-312,1,,N,34.83750386,127.9932641,2,8,15,N,N,N,20,,N,N,N,N,경상남도 남해군,055-860-3454,2021-04-01,5430000,경상남도 남해군,0.75,0
경상남도,남해군,흥선로1505번길,,경상남도 남해군 창선면 진동리 1382,남해-313,1,,N,34.83841196,128.0692438,2,8,12,N,N,N,20,,N,N,N,N,경상남도 남해군,055-860-3454,2021-04-01,5430000,경상남도 남해군,0.6,0
경상남도,남해군,동부대로,,경상남도 남해군 창선면 대벽리 1073,남해-278,1,,N,34.91546061,128.0296702,2,6,20,N,N,N,24,,N,N,N,N,경상남도 남해군,055-860-3454,2021-04-01,5430000,경상남도 남해군,0.833333333,0
경상남도,남해군,서부로,,경상남도 남해군 창선면 대벽리 244-2,남해-279,1,,N,34.91759903,128.0210031,2,6,12,N,N,N,20,,N,N,N,N,경상남도 남해군,055-860-3454,2021-04-01,5430000,경상남도 남해군,0.6,0
경상남도,남해군,서부로,,경상남도 남해군 창선면 대벽리 497-2,남해-280,1,,N,34.91688776,128.0154432,2,6,12,N,N,N,20,,N,N,N,N,경상남도 남해군,055-860-3454,2021-04-01,5430000,경상남도 남해군,0.6,0
경상남도,남해군,서부로,,경상남도 남해군 창선면 대벽리 1096,남해-281,1,,N,34.908613,128.0006681,2,6,12,N,N,N,20,,N,N,N,N,경상남도 남해군,055-860-3454,2021-04-01,5430000,경상남도 남해군,0.6,0
경상남도,남해군,서부로,,경상남도 남해군 창선면 대벽리 산 140-1,남해-282,1,,N,34.91475162,128.0125426,2,6,12,N,N,N,20,,N,N,N,Y,경상남도 남해군,055-860-3454,2021-04-01,5430000,경상남도 남해군,0.6,0
경상남도,남해군,동부대로,,경상남도 남해군 창선면 대벽리 산 9-1,남해-283,1,,N,34.91872371,128.0306674,2,6,20,N,N,N,24,,N,Y,N,Y,경상남도 남해군,055-860-3454,2021-04-01,5430000,경상남도 남해군,0.833333333,0
경상남도,남해군,동부대로,,경상남도 남해군 창선면 동대리 1025,남해-284,1,,N,34.88853643,128.0129757,2,6,12,N,N,N,20,,N,Y,N,Y,경상남도 남해군,055-860-3454,2021-04-01,5430000,경상남도 남해군,0.6,0
경상남도,남해군,동부대로,,경상남도 남해군 창선면 동대리 1025,남해-285,1,,N,34.88853643,128.0129757,2,6,12,N,N,N,20,,N,N,N,N,경상남도 남해군,055-860-3454,2021-04-01,5430000,경상남도 남해군,0.6,0
경상남도,남해군,동부대로,,경상남도 남해군 창선면 동대리 1028,남해-286,1,,N,34.88430861,128.0116075,2,6,12,N,N,N,20,,N,Y,N,N,경상남도 남해군,055-860-3454,2021-04-01,5430000,경상남도 남해군,0.6,0
경상남도,남해군,동부대로,,경상남도 남해군 창선면 동대리 1029,남해-287,1,,N,34.88001782,128.0086532,2,6,12,N,N,N,20,,N,Y,N,N,경상남도 남해군,055-860-3454,2021-04-01,5430000,경상남도 남해군,0.6,0
경상남도,남해군,동부대로,,경상남도 남해군 창선면 동대리 1029,남해-288,1,,N,34.88001782,128.0086532,2,6,12,N,N,N,20,,N,Y,N,N,경상남도 남해군,055-860-3454,2021-04-01,5430000,경상남도 남해군,0.6,0
경상남도,남해군,동부대로,,경상남도 남해군 창선면 동대리 547,남해-289,1,,N,34.86735186,128.0093188,2,6,15,N,N,N,20,,N,N,N,N,경상남도 남해군,055-860-3454,2021-04-01,5430000,경상남도 남해군,0.75,0
경상남도,남해군,창선로,,경상남도 남해군 창선면 동대리 1039,남해-290,1,,N,34.8675232,128.0086516,2,6,15,N,N,N,20,,N,Y,N,Y,경상남도 남해군,055-860-3454,2021-04-01,5430000,경상남도 남해군,0.75,0
경상남도,남해군,흥선로,,경상남도 남해군 창선면 부윤리 355-6,남해-291,1,,N,34.84418796,128.0337111,2,8,12,N,N,N,20,,N,Y,N,Y,경상남도 남해군,055-860-3454,2021-04-01,5430000,경상남도 남해군,0.6,0
경상남도,남해군,흥선로,,경상남도 남해군 창선면 부윤리 77-5,남해-292,1,,N,34.84374587,128.0349246,2,8,12,N,N,N,20,,N,N,N,N,경상남도 남해군,055-860-3454,2021-04-01,5430000,경상남도 남해군,0.6,0
경상남도,남해군,흥선로,,경상남도 남해군 창선면 부윤리 산 54-6,남해-293,1,,N,34.85023977,128.022133,2,8,12,N,N,N,20,,N,N,N,N,경상남도 남해군,055-860-3454,2021-04-01,5430000,경상남도 남해군,0.6,0
경상남도,남해군,서부로,,경상남도 남해군 창선면 서대리 1165-2,남해-294,1,,N,34.87611188,127.9719089,2,6,15,N,N,Y,20,,N,Y,N,N,경상남도 남해군,055-860-3454,2021-04-01,5430000,경상남도 남해군,0.75,0
경상남도,남해군,서부로,,경상남도 남해군 창선면 서대리 592-3,남해-295,1,,N,34.8798279,127.9827377,2,6,15,N,N,N,20,,N,Y,N,N,경상남도 남해군,055-860-3454,2021-04-01,5430000,경상남도 남해군,0.75,0
경상남도,남해군,서부로,,경상남도 남해군 창선면 서대리 741-2,남해-296,1,,N,34.87871898,127.9820816,2,6,20,N,N,Y,20,,N,Y,N,N,경상남도 남해군,055-860-3454,2021-04-01,5430000,경상남도 남해군,1,0
경상남도,남해군,흥선로,,경상남도 남해군 창선면 수산리 404-6,남해-297,1,,N,34.85536083,128.0188098,2,8,15,N,N,N,20,,N,N,N,N,경상남도 남해군,055-860-3454,2021-04-01,5430000,경상남도 남해군,0.75,0
경상남도,남해군,흥선로,,경상남도 남해군 창선면 오용리 1284,남해-298,1,,N,34.86539251,128.0281092,2,8,15,N,N,N,20,,N,Y,N,Y,경상남도 남해군,055-860-3454,2021-04-01,5430000,경상남도 남해군,0.75,0
경상남도,남해군,서부로,,경상남도 남해군 창선면 율도리 235-1,남해-299,1,,N,34.90583676,127.9991032,2,6,12,N,N,N,20,,N,Y,N,N,경상남도 남해군,055-860-3454,2021-04-01,5430000,경상남도 남해군,0.6,0
경상남도,남해군,서부로,,경상남도 남해군 창선면 율도리 454-4,남해-300,1,,N,34.90139227,127.9919579,2,6,12,N,N,N,20,,N,Y,N,Y,경상남도 남해군,055-860-3454,2021-04-01,5430000,경상남도 남해군,0.6,0
경상남도,남해군,서부로1066번길,,경상남도 남해군 창선면 율도리 913,남해-301,1,,N,34.89938206,127.994048,2,6,12,N,N,N,20,,N,Y,N,N,경상남도 남해군,055-860-3454,2021-04-01,5430000,경상남도 남해군,0.6,0
경상남도,남해군,서부로,,경상남도 남해군 창선면 율도리 529-2,남해-302,1,,N,34.89773224,127.9917831,2,6,15,N,N,N,20,,N,Y,N,N,경상남도 남해군,055-860-3454,2021-04-01,5430000,경상남도 남해군,0.75,0
경상남도,남해군,서부로,,경상남도 남해군 창선면 율도리 761-4,남해-303,1,,N,34.89265668,127.9888623,2,6,12,N,N,N,20,,N,Y,N,Y,경상남도 남해군,055-860-3454,2021-04-01,5430000,경상남도 남해군,0.6,0
경상남도,남해군,동부대로,,경상남도 남해군 창선면 지족리 288-5,남해-304,1,,N,34.83676472,128.0008849,2,6,15,N,N,N,20,,N,N,N,Y,경상남도 남해군,055-860-3454,2021-04-01,5430000,경상남도 남해군,0.75,0
경상남도,남해군,서부로,,경상남도 남해군 창선면 지족리 306-2,남해-305,1,,N,34.83679179,127.9986545,2,8,15,N,N,N,20,,N,Y,N,Y,경상남도 남해군,055-860-3454,2021-04-01,5430000,경상남도 남해군,0.75,0
경상남도,남해군,서부로,,경상남도 남해군 창선면 지족리 306-2,남해-306,1,,N,34.83688194,127.9980422,2,8,15,N,N,N,20,,N,N,N,N,경상남도 남해군,055-860-3454,2021-04-01,5430000,경상남도 남해군,0.75,0
경상남도,남해군,남해대로,,경상남도 남해군 이동면 신전리 976-2,남해-250,1,,N,34.77200254,127.9555219,2,6,6,N,N,N,25,165,N,Y,N,Y,경상남도 남해군,055-860-3454,2021-04-01,5430000,경상남도 남해군,0.24,0
경상남도,남해군,남해대로,,경상남도 남해군 이동면 신전리 981-2,남해-251,1,,N,34.77136217,127.9546701,2,4,6,N,N,Y,25,165,N,Y,N,Y,경상남도 남해군,055-860-3454,2021-04-01,5430000,경상남도 남해군,0.24,0
경상남도,남해군,남해대로,,경상남도 남해군 상주면 상주리 1990-2,남해-187,1,,N,34.73073805,127.981827,2,4,6,N,N,N,28,162,N,Y,N,Y,경상남도 남해군,055-860-3454,2021-04-01,5430000,경상남도 남해군,0.214285714,0
경상남도,남해군,남해대로,,경상남도 남해군 이동면 신전리 99-1,남해-252,1,,N,34.77442854,127.9583285,2,7,6,N,N,N,24,138,N,N,N,N,경상남도 남해군,055-860-3454,2021-04-01,5430000,경상남도 남해군,0.25,0
경상남도,남해군,남서대로,,경상남도 남해군 이동면 용소리 1081-3,남해-253,1,,N,34.77782107,127.9256912,2,6,15,N,N,N,20,,N,Y,N,N,경상남도 남해군,055-860-3454,2021-04-01,5430000,경상남도 남해군,0.75,0
경상남도,남해군,남서대로,,경상남도 남해군 이동면 용소리 1560,남해-254,1,,N,34.77971932,127.9347691,2,8,15,N,N,N,20,,N,Y,N,N,경상남도 남해군,055-860-3454,2021-04-01,5430000,경상남도 남해군,0.75,0
경상남도,남해군,남서대로,,경상남도 남해군 이동면 용소리 648-2,남해-255,1,,N,34.77943827,127.9318193,2,10,15,N,N,N,20,,N,Y,N,Y,경상남도 남해군,055-860-3454,2021-04-01,5430000,경상남도 남해군,0.75,0
경상남도,남해군,남해대로,,경상남도 남해군 이동면 초음리 1621-5,남해-256,1,,N,34.81889956,127.9211513,4,6,15,N,N,N,27,133,N,N,N,N,경상남도 남해군,055-860-3454,2021-04-01,5430000,경상남도 남해군,0.555555556,0
경상남도,남해군,남해대로,,경상남도 남해군 이동면 초음리 2185,남해-257,1,,N,34.81689276,127.9269248,2,6,10,N,N,N,20,140,N,Y,N,Y,경상남도 남해군,055-860-3454,2021-04-01,5430000,경상남도 남해군,0.5,0
경상남도,남해군,남해대로,,경상남도 남해군 이동면 초음리 2185,남해-258,1,,N,34.81689276,127.9269248,2,6,7,N,N,Y,28,67,N,Y,N,Y,경상남도 남해군,055-860-3454,2021-04-01,5430000,경상남도 남해군,0.25,0
경상남도,남해군,남해대로,,경상남도 남해군 이동면 초음리 2185,남해-259,1,,N,34.81689276,127.9269248,2,6,7,N,N,Y,33,157,N,Y,N,N,경상남도 남해군,055-860-3454,2021-04-01,5430000,경상남도 남해군,0.212121212,0
경상남도,남해군,남해대로,,경상남도 남해군 이동면 초음리 2185,남해-260,1,,N,34.81689276,127.9269248,2,6,7,N,N,Y,30,160,N,Y,N,N,경상남도 남해군,055-860-3454,2021-04-01,5430000,경상남도 남해군,0.233333333,0
경상남도,남해군,남서대로,,경상남도 남해군 이동면 화계리 610,남해-261,1,,N,34.77932571,127.940899,2,8,12,N,N,N,20,,N,N,N,Y,경상남도 남해군,055-860-3454,2021-04-01,5430000,경상남도 남해군,0.6,0
경상남도,남해군,남서대로,,경상남도 남해군 이동면 화계리 110-2,남해-262,1,,N,34.77835367,127.9443413,2,8,12,N,N,N,20,,N,N,N,N,경상남도 남해군,055-860-3454,2021-04-01,5430000,경상남도 남해군,0.6,0
경상남도,남해군,흥선로,,경상남도 남해군 창선면 가인리 422-2,남해-263,1,,N,34.88745803,128.0382588,2,8,12,N,N,N,20,,N,N,N,N,경상남도 남해군,055-860-3454,2021-04-01,5430000,경상남도 남해군,0.6,0
경상남도,남해군,흥선로,,경상남도 남해군 창선면 가인리 산 35-12,남해-264,1,,N,34.88944213,128.0356121,2,8,20,N,N,N,20,,N,Y,N,N,경상남도 남해군,055-860-3454,2021-04-01,5430000,경상남도 남해군,1,0
경상남도,남해군,서부로,,경상남도 남해군 창선면 광천리 1023,남해-265,1,,N,34.85913514,127.9649806,2,6,15,N,N,N,20,,N,N,N,N,경상남도 남해군,055-860-3454,2021-04-01,5430000,경상남도 남해군,0.75,0
경상남도,남해군,서부로,,경상남도 남해군 창선면 광천리 337-7,남해-266,1,,N,34.85250986,127.9675094,2,8,15,N,N,N,20,,N,N,N,N,경상남도 남해군,055-860-3454,2021-04-01,5430000,경상남도 남해군,0.75,0
경상남도,남해군,서부로,,경상남도 남해군 창선면 광천리 399-2,남해-267,1,,N,34.85393382,127.9660216,2,8,15,N,N,N,20,,N,N,N,N,경상남도 남해군,055-860-3454,2021-04-01,5430000,경상남도 남해군,0.75,0
경상남도,남해군,서부로,,경상남도 남해군 창선면 광천리 791-2,남해-268,1,,N,34.86687005,127.9654477,2,6,15,N,N,N,20,,N,Y,N,Y,경상남도 남해군,055-860-3454,2021-04-01,5430000,경상남도 남해군,0.75,0
경상남도,남해군,서부로,,경상남도 남해군 창선면 광천리 1001,남해-269,1,,N,34.86866423,127.9662783,2,6,15,N,N,N,20,,N,Y,N,N,경상남도 남해군,055-860-3454,2021-04-01,5430000,경상남도 남해군,0.75,0
경상남도,남해군,동부대로,,경상남도 남해군 창선면 당저리 126-7,남해-270,1,,N,34.84812239,128.0153525,2,6,15,N,N,N,20,,N,Y,N,N,경상남도 남해군,055-860-3454,2021-04-01,5430000,경상남도 남해군,0.75,0
경상남도,남해군,동부대로,,경상남도 남해군 창선면 당저리 351-3,남해-271,1,,N,34.84349796,128.0136349,2,6,15,N,N,N,20,,N,Y,N,N,경상남도 남해군,055-860-3454,2021-04-01,5430000,경상남도 남해군,0.75,0
경상남도,남해군,동부대로,,경상남도 남해군 창선면 당항리 583,남해-272,1,,N,34.89501794,128.0142679,2,6,12,N,N,N,24,,N,Y,N,N,경상남도 남해군,055-860-3454,2021-04-01,5430000,경상남도 남해군,0.5,0
경상남도,남해군,동부대로,,경상남도 남해군 창선면 당항리 583,남해-273,1,,N,34.89501794,128.0142679,2,6,12,N,N,N,24,,N,Y,N,N,경상남도 남해군,055-860-3454,2021-04-01,5430000,경상남도 남해군,0.5,0
경상남도,남해군,동부대로,,경상남도 남해군 창선면 당항리 902,남해-274,1,,N,34.90614925,128.0257054,2,6,20,N,N,N,24,,N,N,N,N,경상남도 남해군,055-860-3454,2021-04-01,5430000,경상남도 남해군,0.833333333,0
경상남도,남해군,동부대로,,경상남도 남해군 창선면 당항리 904,남해-275,1,,N,34.90252572,128.0237017,2,6,15,N,N,N,24,,N,Y,N,N,경상남도 남해군,055-860-3454,2021-04-01,5430000,경상남도 남해군,0.625,0
경상남도,남해군,동부대로,,경상남도 남해군 창선면 당항리 904,남해-276,1,,N,34.90252572,128.0237017,2,6,20,N,N,Y,24,,N,N,N,Y,경상남도 남해군,055-860-3454,2021-04-01,5430000,경상남도 남해군,0.833333333,0
경상남도,남해군,서부로,,경상남도 남해군 창선면 대벽리 1096,남해-277,1,,N,34.90861331,128.0006681,2,6,12,N,N,N,20,,N,N,N,N,경상남도 남해군,055-860-3454,2021-04-01,5430000,경상남도 남해군,0.6,0
경상남도,남해군,노량로,,경상남도 남해군 설천면 노량리 410-8,남해-223,1,,N,34.94024575,127.8742045,2,8,15,N,N,N,20,,N,Y,N,Y,경상남도 남해군,055-860-3454,2021-04-01,5430000,경상남도 남해군,0.75,0
경상남도,남해군,노량로,,경상남도 남해군 설천면 노량리 427-1,남해-224,1,,N,34.93969752,127.8758474,2,8,15,N,N,N,20,,N,N,N,N,경상남도 남해군,055-860-3454,2021-04-01,5430000,경상남도 남해군,0.75,0
경상남도,남해군,남해대로,,경상남도 남해군 설천면 덕신리 1280-1,남해-225,1,,N,34.93333983,127.8736129,2,6,20,N,N,N,25,,N,N,N,Y,경상남도 남해군,055-860-3454,2021-04-01,5430000,경상남도 남해군,0.8,0
경상남도,남해군,남해대로,,경상남도 남해군 설천면 덕신리 1287,남해-226,1,,N,34.9333126,127.8734378,2,5,6,N,N,Y,25,70,N,Y,N,Y,경상남도 남해군,055-860-3454,2021-04-01,5430000,경상남도 남해군,0.24,0
경상남도,남해군,남해대로,,경상남도 남해군 설천면 덕신리 1287,남해-227,1,,N,34.9333126,127.8734378,2,8,20,N,N,N,25,,N,N,N,N,경상남도 남해군,055-860-3454,2021-04-01,5430000,경상남도 남해군,0.8,0
경상남도,남해군,노량로,,경상남도 남해군 설천면 덕신리 1287,남해-228,1,,N,34.9333126,127.8734378,2,8,15,N,N,N,20,,N,Y,N,N,경상남도 남해군,055-860-3454,2021-04-01,5430000,경상남도 남해군,0.75,0
경상남도,남해군,남해대로,,경상남도 남해군 설천면 덕신리 1380-2,남해-229,1,,N,34.93045845,127.8682208,4,8,18,N,N,N,25,,N,Y,N,Y,경상남도 남해군,055-860-3454,2021-04-01,5430000,경상남도 남해군,0.72,0
경상남도,남해군,남해대로,,경상남도 남해군 설천면 덕신리 1772-7,남해-230,1,,N,34.92913963,127.8657601,2,8,20,N,N,N,25,,N,N,N,N,경상남도 남해군,055-860-3454,2021-04-01,5430000,경상남도 남해군,0.8,0
경상남도,남해군,남해대로,,경상남도 남해군 상주면 상주리 379-2,남해-188,1,,N,34.72157068,128.0047796,2,6,10,N,N,N,20,138,N,N,N,N,경상남도 남해군,055-860-3454,2021-04-01,5430000,경상남도 남해군,0.5,0
경상남도,남해군,설천로,경상남도 남해군 설천면 설천로 736,경상남도 남해군 설천면 문의리 663-1,남해-231,1,,N,34.92785637,127.9122597,2,8,15,N,N,N,20,,N,Y,N,N,경상남도 남해군,055-860-3454,2021-04-01,5430000,경상남도 남해군,0.75,0
경상남도,남해군,설천로,,경상남도 남해군 설천면 문의리 산 100-2,남해-232,1,,N,34.93789279,127.9041265,2,10,15,N,N,N,20,,N,N,N,Y,경상남도 남해군,055-860-3454,2021-04-01,5430000,경상남도 남해군,0.75,0
경상남도,남해군,설천로,,경상남도 남해군 설천면 문항리 1268-1,남해-233,1,,N,34.91285034,127.9175284,2,8,15,N,N,N,24,,N,Y,N,N,경상남도 남해군,055-860-3454,2021-04-01,5430000,경상남도 남해군,0.625,0
경상남도,남해군,설천로,경상남도 남해군 설천면 강진로 198,경상남도 남해군 설천면 문항리 305-2,남해-234,1,,N,34.91281717,127.9219716,2,8,15,N,N,N,20,,N,Y,N,Y,경상남도 남해군,055-860-3454,2021-04-01,5430000,경상남도 남해군,0.75,0
경상남도,남해군,설천로,경상남도 남해군 설천면 설천로 149-3,경상남도 남해군 설천면 비란리 151-2,남해-235,1,,N,34.88800139,127.8998183,2,8,15,N,N,N,24,,N,Y,N,N,경상남도 남해군,055-860-3454,2021-04-01,5430000,경상남도 남해군,0.625,0
경상남도,남해군,설천로,경상남도 남해군 설천면 설천로 149-3,경상남도 남해군 설천면 비란리 151-2,남해-236,1,,N,34.88800139,127.8998183,2,10,15,N,N,N,20,,N,N,N,N,경상남도 남해군,055-860-3454,2021-04-01,5430000,경상남도 남해군,0.75,0
경상남도,남해군,설천로,,경상남도 남해군 설천면 진목리 1699,남해-237,1,,N,34.88917855,127.9064907,2,8,15,N,N,N,20,,N,N,N,N,경상남도 남해군,055-860-3454,2021-04-01,5430000,경상남도 남해군,0.75,0
경상남도,남해군,설천로,,경상남도 남해군 설천면 진목리 566-3,남해-238,1,,N,34.89962304,127.9137774,2,8,15,N,N,N,20,,N,N,N,N,경상남도 남해군,055-860-3454,2021-04-01,5430000,경상남도 남해군,0.75,0
경상남도,남해군,설천로,경상남도 남해군 설천면 설천로 286,경상남도 남해군 설천면 진목리 808-1,남해-239,1,,N,34.89297706,127.9108957,2,10,15,N,N,N,20,,N,Y,N,N,경상남도 남해군,055-860-3454,2021-04-01,5430000,경상남도 남해군,0.75,0
경상남도,남해군,설천로,경상남도 남해군 설천면 설천로 286,경상남도 남해군 설천면 진목리 808-1,남해-240,1,,N,34.89297706,127.9108957,2,8,15,N,N,N,20,,N,Y,N,Y,경상남도 남해군,055-860-3454,2021-04-01,5430000,경상남도 남해군,0.75,0
경상남도,남해군,삼이로,,경상남도 남해군 이동면 난음리 1794-1,남해-241,1,,N,34.80380189,127.9666424,2,8,12,N,N,N,20,,N,Y,N,N,경상남도 남해군,055-860-3454,2021-04-01,5430000,경상남도 남해군,0.6,0
경상남도,남해군,삼이로,,경상남도 남해군 이동면 난음리 402-5,남해-242,1,,N,34.807625,127.9696903,2,8,12,N,N,N,20,,N,Y,N,Y,경상남도 남해군,055-860-3454,2021-04-01,5430000,경상남도 남해군,0.6,0
경상남도,남해군,삼이로,,경상남도 남해군 이동면 난음리 1794-1,남해-243,1,,N,34.80291807,127.9653531,2,8,12,N,N,N,20,,N,Y,N,N,경상남도 남해군,055-860-3454,2021-04-01,5430000,경상남도 남해군,0.6,0
경상남도,남해군,남해대로,,경상남도 남해군 이동면 무림리 1781,남해-244,1,,N,34.79307168,127.9586254,2,4,6,N,N,N,33,157,N,Y,N,Y,경상남도 남해군,055-860-3454,2021-04-01,5430000,경상남도 남해군,0.181818182,0
경상남도,남해군,삼이로,,경상남도 남해군 이동면 무림리 861-2,남해-245,1,,N,34.80054586,127.9609825,2,8,12,N,N,N,20,,N,N,N,N,경상남도 남해군,055-860-3454,2021-04-01,5430000,경상남도 남해군,0.6,0
경상남도,남해군,남해대로,,경상남도 남해군 이동면 신전리 1087-2,남해-246,1,,N,34.76847631,127.9518421,2,6,6,N,N,Y,22,168,N,Y,N,N,경상남도 남해군,055-860-3454,2021-04-01,5430000,경상남도 남해군,0.272727273,0
경상남도,남해군,남해대로,,경상남도 남해군 이동면 신전리 1125-2,남해-247,1,,N,34.76412105,127.9492993,2,7,6,N,N,Y,25,165,N,Y,N,N,경상남도 남해군,055-860-3454,2021-04-01,5430000,경상남도 남해군,0.24,0
경상남도,남해군,남해대로,,경상남도 남해군 이동면 신전리 975-2,남해-248,1,,N,34.77221881,127.9552705,2,7,10,N,N,N,25,70,N,Y,N,Y,경상남도 남해군,055-860-3454,2021-04-01,5430000,경상남도 남해군,0.4,0
경상남도,남해군,남서대로,,경상남도 남해군 이동면 신전리 482-4,남해-249,1,,N,34.78355877,127.9526968,2,8,12,N,N,N,20,,N,Y,N,N,경상남도 남해군,055-860-3454,2021-04-01,5430000,경상남도 남해군,0.6,0
경상남도,남해군,남서대로,,경상남도 남해군 서면 노구리 550-4,남해-195,1,,N,34.86927393,127.8243249,2,8,12,N,N,N,24,,N,N,N,N,경상남도 남해군,055-860-3454,2021-04-01,5430000,경상남도 남해군,0.5,0
경상남도,남해군,남서대로,,경상남도 남해군 서면 노구리 651-2,남해-196,1,,N,34.86511689,127.8235024,2,6,12,N,N,N,24,,N,N,N,Y,경상남도 남해군,055-860-3454,2021-04-01,5430000,경상남도 남해군,0.5,0
경상남도,남해군,남서대로,,경상남도 남해군 서면 노구리 746-4,남해-197,1,,N,34.86719986,127.8238699,2,6,12,N,N,N,24,,N,N,N,N,경상남도 남해군,055-860-3454,2021-04-01,5430000,경상남도 남해군,0.5,0
경상남도,남해군,남서대로,,경상남도 남해군 서면 노구리 산 39-8,남해-198,1,,N,34.87164695,127.8258075,2,8,12,N,N,N,24,,N,N,N,N,경상남도 남해군,055-860-3454,2021-04-01,5430000,경상남도 남해군,0.5,0
경상남도,남해군,스포츠로,,경상남도 남해군 서면 대정리 824-2,남해-199,1,,N,34.81467926,127.8590029,2,6,15,N,N,N,20,,N,N,N,N,경상남도 남해군,055-860-3454,2021-04-01,5430000,경상남도 남해군,0.75,0
경상남도,남해군,고실로,,경상남도 남해군 서면 대정리 199-3,남해-200,1,,N,34.80423214,127.868234,2,8,20,N,N,N,24,,N,N,N,N,경상남도 남해군,055-860-3454,2021-04-01,5430000,경상남도 남해군,0.833333333,0
경상남도,남해군,고실로,,경상남도 남해군 서면 대정리 561-1,남해-201,1,,N,34.81232818,127.8688006,2,8,20,N,N,N,24,,N,N,N,Y,경상남도 남해군,055-860-3454,2021-04-01,5430000,경상남도 남해군,0.833333333,0
경상남도,남해군,스포츠로,,경상남도 남해군 서면 대정리 544-1,남해-202,1,,N,34.81565599,127.8700087,4,6,20,N,N,N,20,,N,N,N,Y,경상남도 남해군,055-860-3454,2021-04-01,5430000,경상남도 남해군,1,0
경상남도,남해군,고실로,,경상남도 남해군 서면 대정리 561-1,남해-203,1,,N,34.81530357,127.8692222,2,8,20,N,N,N,24,,N,N,N,N,경상남도 남해군,055-860-3454,2021-04-01,5430000,경상남도 남해군,0.833333333,0
경상남도,남해군,스포츠로,,경상남도 남해군 서면 대정리 856-2,남해-204,1,,N,34.81408088,127.8560745,2,8,12,N,N,N,20,,N,N,N,Y,경상남도 남해군,055-860-3454,2021-04-01,5430000,경상남도 남해군,0.6,0
경상남도,남해군,스포츠로,,경상남도 남해군 서면 대정리 824-2,남해-205,1,,N,34.81439055,127.8587957,2,8,12,N,N,N,20,,N,Y,N,N,경상남도 남해군,055-860-3454,2021-04-01,5430000,경상남도 남해군,0.6,0
경상남도,남해군,스포츠로,,경상남도 남해군 서면 서상리 1234-2,남해-206,1,,N,34.80999916,127.8361231,2,8,12,N,N,N,20,,N,N,N,N,경상남도 남해군,055-860-3454,2021-04-01,5430000,경상남도 남해군,0.6,0
경상남도,남해군,남서대로,,경상남도 남해군 서면 서상리 1234-2,남해-207,1,,N,34.80996307,127.8361013,2,8,12,N,N,N,24,,N,N,N,Y,경상남도 남해군,055-860-3454,2021-04-01,5430000,경상남도 남해군,0.5,0
경상남도,남해군,남서대로,,경상남도 남해군 서면 서상리 1332,남해-208,1,,N,34.81217515,127.8319543,2,8,12,N,N,N,24,,N,N,N,N,경상남도 남해군,055-860-3454,2021-04-01,5430000,경상남도 남해군,0.5,0
경상남도,남해군,남서대로,,경상남도 남해군 서면 서상리 1560-7,남해-209,1,,N,34.81830488,127.8383477,2,8,12,N,N,N,24,,N,N,N,N,경상남도 남해군,055-860-3454,2021-04-01,5430000,경상남도 남해군,0.5,0
경상남도,남해군,남서대로,경상남도 남해군 서면 남서대로 1527-4,경상남도 남해군 서면 서상리 905-1,남해-210,1,,N,34.80115308,127.8411568,2,8,15,N,N,N,20,,N,Y,N,N,경상남도 남해군,055-860-3454,2021-04-01,5430000,경상남도 남해군,0.75,0
경상남도,남해군,스포츠로,,경상남도 남해군 서면 서상리 639-2,남해-211,1,,N,34.80946884,127.8372936,2,6,12,N,N,N,20,,N,Y,N,N,경상남도 남해군,055-860-3454,2021-04-01,5430000,경상남도 남해군,0.6,0
경상남도,남해군,스포츠로,,경상남도 남해군 서면 서상리 635-4,남해-212,1,,N,34.80944128,127.8369111,2,6,12,N,N,N,20,,N,N,N,N,경상남도 남해군,055-860-3454,2021-04-01,5430000,경상남도 남해군,0.6,0
경상남도,남해군,스포츠로,,경상남도 남해군 서면 서상리 649-2,남해-213,1,,N,34.8095783,127.8382662,2,6,12,N,N,N,20,,N,Y,N,N,경상남도 남해군,055-860-3454,2021-04-01,5430000,경상남도 남해군,0.6,0
경상남도,남해군,남서대로,,경상남도 남해군 서면 서상리 722-21,남해-214,1,,N,34.80749674,127.8389479,2,8,15,N,N,N,20,,N,N,N,N,경상남도 남해군,055-860-3454,2021-04-01,5430000,경상남도 남해군,0.75,0
경상남도,남해군,스포츠로,,경상남도 남해군 서면 서호리 719-2,남해-215,1,,N,34.81415159,127.854872,2,8,12,N,N,N,20,,N,Y,N,N,경상남도 남해군,055-860-3454,2021-04-01,5430000,경상남도 남해군,0.6,0
경상남도,남해군,설천로,경상남도 남해군 설천면 설천로 576,경상남도 남해군 설천면 금음리 1713,남해-216,1,,N,34.91589658,127.9163763,2,10,15,N,N,N,20,,N,N,N,N,경상남도 남해군,055-860-3454,2021-04-01,5430000,경상남도 남해군,0.75,0
경상남도,남해군,설천로,경상남도 남해군 설천면 설천로 654,경상남도 남해군 설천면 금음리 759,남해-217,1,,N,34.92166559,127.915692,2,8,15,N,N,N,20,,N,N,N,Y,경상남도 남해군,055-860-3454,2021-04-01,5430000,경상남도 남해군,0.75,0
경상남도,남해군,설천로,경상남도 남해군 설천면 설천로 675,경상남도 남해군 설천면 금음리 740-1,남해-218,1,,N,34.92347717,127.9150309,2,8,15,N,N,N,24,,N,Y,N,N,경상남도 남해군,055-860-3454,2021-04-01,5430000,경상남도 남해군,0.625,0
경상남도,남해군,설천로,경상남도 남해군 설천면 설천로 678 설천중학교 교실,경상남도 남해군 설천면 금음리 795,남해-219,1,,N,34.92388276,127.9150002,2,10,15,N,N,N,20,,N,N,N,N,경상남도 남해군,055-860-3454,2021-04-01,5430000,경상남도 남해군,0.75,0
경상남도,남해군,설천로,경상남도 남해군 설천면 설천로 647 설천농협,경상남도 남해군 설천면 금음리 754-3,남해-220,1,,N,34.92007068,127.9167443,2,8,15,N,N,N,20,,N,Y,N,N,경상남도 남해군,055-860-3454,2021-04-01,5430000,경상남도 남해군,0.75,0
경상남도,남해군,설천로,경상남도 남해군 설천면 설천로 617 슈퍼,경상남도 남해군 설천면 금음리 989-3,남해-221,1,,N,34.91876362,127.9168659,2,8,15,N,N,N,20,,N,Y,N,N,경상남도 남해군,055-860-3454,2021-04-01,5430000,경상남도 남해군,0.75,0
경상남도,남해군,설천로,경상남도 남해군 설천면 설천로 699,경상남도 남해군 설천면 남양리 94-24,남해-222,1,,N,34.92505426,127.914397,2,8,15,N,N,N,20,,N,Y,N,Y,경상남도 남해군,055-860-3454,2021-04-01,5430000,경상남도 남해군,0.75,0
경상남도,남해군,동부대로,,경상남도 남해군 삼동면 물건리 564-2,남해-166,1,,N,34.78953336,128.0502429,2,8,12,N,N,N,20,,N,Y,N,N,경상남도 남해군,055-860-3454,2021-04-01,5430000,경상남도 남해군,0.6,0
경상남도,남해군,동부대로,,경상남도 남해군 삼동면 물건리 691-5,남해-167,1,,N,34.78584644,128.0497271,2,8,15,N,N,N,20,,N,Y,N,N,경상남도 남해군,055-860-3454,2021-04-01,5430000,경상남도 남해군,0.75,0
경상남도,남해군,동부대로,,경상남도 남해군 삼동면 물건리 716-2,남해-168,1,,N,34.78457557,128.0491472,2,8,12,N,N,N,20,,N,N,N,N,경상남도 남해군,055-860-3454,2021-04-01,5430000,경상남도 남해군,0.6,0
경상남도,남해군,삼이로,,경상남도 남해군 삼동면 영지리 1198-6,남해-169,1,,N,34.80972773,127.9816034,2,8,12,N,N,N,20,,N,N,N,N,경상남도 남해군,055-860-3454,2021-04-01,5430000,경상남도 남해군,0.6,0
경상남도,남해군,삼이로,,경상남도 남해군 삼동면 영지리 1343-2,남해-170,1,,N,34.8147674,127.9839307,2,8,12,N,N,N,20,,N,N,N,Y,경상남도 남해군,055-860-3454,2021-04-01,5430000,경상남도 남해군,0.6,0
경상남도,남해군,삼이로,,경상남도 남해군 삼동면 영지리 산 100-3,남해-171,1,,N,34.81754397,127.9836788,2,8,12,N,N,N,20,,N,N,N,N,경상남도 남해군,055-860-3454,2021-04-01,5430000,경상남도 남해군,0.6,0
경상남도,남해군,삼이로,,경상남도 남해군 삼동면 영지리 734-2,남해-172,1,,N,34.81417247,127.9844227,2,8,12,N,N,N,20,,N,N,N,N,경상남도 남해군,055-860-3454,2021-04-01,5430000,경상남도 남해군,0.6,0
경상남도,남해군,삼이로,,경상남도 남해군 삼동면 영지리 산 82-3,남해-173,1,,N,34.82218706,127.9872636,2,8,12,N,N,N,20,,N,N,N,N,경상남도 남해군,055-860-3454,2021-04-01,5430000,경상남도 남해군,0.6,0
경상남도,남해군,동부대로,,경상남도 남해군 삼동면 지족리 1205,남해-174,1,,N,34.83006647,128.0050392,2,6,15,N,N,N,20,,N,Y,N,N,경상남도 남해군,055-860-3454,2021-04-01,5430000,경상남도 남해군,0.75,0
경상남도,남해군,동부대로,,경상남도 남해군 삼동면 지족리 280-2,남해-175,1,,N,34.8313107,127.9998899,2,6,20,N,N,N,20,,N,Y,N,N,경상남도 남해군,055-860-3454,2021-04-01,5430000,경상남도 남해군,1,0
경상남도,남해군,동부대로,,경상남도 남해군 삼동면 지족리 282-9,남해-176,1,,N,34.83168933,127.9999446,2,6,20,N,N,Y,20,,N,N,N,N,경상남도 남해군,055-860-3454,2021-04-01,5430000,경상남도 남해군,1,0
경상남도,남해군,삼이로,,경상남도 남해군 삼동면 지족리 386-2,남해-177,1,,N,34.82987733,127.999048,2,8,12,N,N,N,20,,N,N,N,N,경상남도 남해군,055-860-3454,2021-04-01,5430000,경상남도 남해군,0.6,0
경상남도,남해군,동부대로,,경상남도 남해군 삼동면 지족리 409-4,남해-178,1,,N,34.82982323,128.0003709,2,6,20,N,N,N,20,,N,Y,N,Y,경상남도 남해군,055-860-3454,2021-04-01,5430000,경상남도 남해군,1,0
경상남도,남해군,동부대로,,경상남도 남해군 삼동면 지족리 409-4,남해-179,1,,N,34.82982323,128.0003709,2,6,12,N,N,N,20,,N,Y,N,N,경상남도 남해군,055-860-3454,2021-04-01,5430000,경상남도 남해군,0.6,0
경상남도,남해군,삼이로,,경상남도 남해군 삼동면 지족리 535-1,남해-180,1,,N,34.82952575,127.9973425,2,8,12,N,N,N,20,,N,N,N,Y,경상남도 남해군,055-860-3454,2021-04-01,5430000,경상남도 남해군,0.6,0
경상남도,남해군,남해대로,,경상남도 남해군 상주면 상주리 1000-3,남해-181,1,,N,34.72654637,127.9844703,2,6,6,N,N,N,20,162,N,N,N,N,경상남도 남해군,055-860-3454,2021-04-01,5430000,경상남도 남해군,0.3,0
경상남도,남해군,남해대로,,경상남도 남해군 상주면 상주리 1023-1,남해-182,1,,N,34.72609563,127.984656,2,6,6,N,N,Y,25,165,N,Y,N,N,경상남도 남해군,055-860-3454,2021-04-01,5430000,경상남도 남해군,0.24,0
경상남도,남해군,남해대로,,경상남도 남해군 상주면 상주리 1023-1,남해-183,1,,N,34.72609563,127.984656,2,4,6,N,N,Y,25,165,N,Y,N,N,경상남도 남해군,055-860-3454,2021-04-01,5430000,경상남도 남해군,0.24,0
경상남도,남해군,남해대로,,경상남도 남해군 상주면 상주리 1145-2,남해-184,1,,N,34.72327418,127.9872988,2,4,6,N,N,Y,20,140,N,Y,N,N,경상남도 남해군,055-860-3454,2021-04-01,5430000,경상남도 남해군,0.3,0
경상남도,남해군,남해대로,,경상남도 남해군 상주면 상주리 1150-4,남해-185,1,,N,34.72342738,127.9866983,2,4,6,N,N,Y,25,165,N,Y,N,Y,경상남도 남해군,055-860-3454,2021-04-01,5430000,경상남도 남해군,0.24,0
경상남도,남해군,남해대로,,경상남도 남해군 상주면 상주리 1224-2,남해-186,1,,N,34.72317506,127.9877793,2,4,6,N,N,Y,20,140,N,Y,N,N,경상남도 남해군,055-860-3454,2021-04-01,5430000,경상남도 남해군,0.3,0
경상남도,남해군,남해대로,,경상남도 남해군 상주면 상주리 620-1,남해-189,1,,N,34.72244501,127.9900723,2,4,6,N,N,N,25,165,N,Y,N,N,경상남도 남해군,055-860-3454,2021-04-01,5430000,경상남도 남해군,0.24,0
경상남도,남해군,남해대로,,경상남도 남해군 상주면 상주리 638-2,남해-190,1,,N,34.72272444,127.9895045,2,6,8,N,N,N,24,156,N,Y,N,N,경상남도 남해군,055-860-3454,2021-04-01,5430000,경상남도 남해군,0.333333333,0
경상남도,남해군,남해대로,,경상남도 남해군 상주면 상주리 산 261-27,남해-191,1,,N,34.73887896,127.9840642,2,4,8,N,N,N,25,165,N,Y,N,Y,경상남도 남해군,055-860-3454,2021-04-01,5430000,경상남도 남해군,0.32,0
경상남도,남해군,남해대로,,경상남도 남해군 상주면 양아리 153-3,남해-192,1,,N,34.74107259,127.9575037,2,4,10,N,N,N,25,165,N,Y,N,Y,경상남도 남해군,055-860-3454,2021-04-01,5430000,경상남도 남해군,0.4,0
경상남도,남해군,남해대로,,경상남도 남해군 상주면 양아리 1851-10,남해-193,1,,N,34.74276439,127.9493338,2,6,23,N,N,N,25,165,N,Y,N,N,경상남도 남해군,055-860-3454,2021-04-01,5430000,경상남도 남해군,0.92,0
경상남도,남해군,남서대로,,경상남도 남해군 서면 노구리 1289-2,남해-194,1,,N,34.86010827,127.8198164,2,6,12,N,N,N,24,,N,N,N,N,경상남도 남해군,055-860-3454,2021-04-01,5430000,경상남도 남해군,0.5,0
경상남도,남해군,남해대로,,경상남도 남해군 미조면 송정리 1125-4,남해-137,1,,N,34.7236326,128.0241933,2,4,7,N,N,N,25,165,N,N,N,Y,경상남도 남해군,055-860-3454,2021-04-01,5430000,경상남도 남해군,0.28,0
경상남도,남해군,동부대로,,경상남도 남해군 미조면 송정리 1447,남해-139,1,,N,34.73111295,128.0330188,2,6,15,N,N,N,20,,N,N,N,Y,경상남도 남해군,055-860-3454,2021-04-01,5430000,경상남도 남해군,0.75,0
경상남도,남해군,남해대로,,경상남도 남해군 미조면 송정리 1557,남해-140,1,,N,34.7254916,128.0126197,3,7,10,N,N,N,22,138,N,Y,N,Y,경상남도 남해군,055-860-3454,2021-04-01,5430000,경상남도 남해군,0.454545455,0
경상남도,남해군,동부대로,,경상남도 남해군 미조면 송정리 265-2,남해-141,1,,N,34.74364856,128.0459877,2,6,15,N,N,N,20,,N,N,N,N,경상남도 남해군,055-860-3454,2021-04-01,5430000,경상남도 남해군,0.75,0
경상남도,남해군,동부대로,,경상남도 남해군 미조면 송정리 450-4,남해-142,1,,N,34.72915707,128.0315875,2,6,15,N,N,N,20,,N,N,N,N,경상남도 남해군,055-860-3454,2021-04-01,5430000,경상남도 남해군,0.75,0
경상남도,남해군,동부대로,,경상남도 남해군 미조면 송정리 87-4,남해-144,1,,N,34.75157996,128.050536,2,8,12,N,N,N,20,,N,N,N,Y,경상남도 남해군,055-860-3454,2021-04-01,5430000,경상남도 남해군,0.6,0
경상남도,남해군,동부대로,,경상남도 남해군 미조면 송정리 183-2,남해-145,1,,N,34.75724961,128.0524184,2,8,12,N,N,N,20,,N,N,N,N,경상남도 남해군,055-860-3454,2021-04-01,5430000,경상남도 남해군,0.6,0
경상남도,남해군,남해대로,,경상남도 남해군 미조면 송정리 산 227-17,남해-146,1,,N,34.72414719,128.0204702,2,6,10,N,N,N,20,170,N,Y,N,Y,경상남도 남해군,055-860-3454,2021-04-01,5430000,경상남도 남해군,0.5,0
경상남도,남해군,동부대로,,경상남도 남해군 미조면 송정리 산 69-10,남해-147,1,,N,34.74763988,128.0516913,2,6,12,N,N,N,20,,N,N,N,N,경상남도 남해군,055-860-3454,2021-04-01,5430000,경상남도 남해군,0.6,0
경상남도,남해군,동부대로,,경상남도 남해군 삼동면 금송리 1413-2,남해-148,1,,N,34.82861473,128.0096527,2,8,12,N,N,N,20,,N,Y,N,Y,경상남도 남해군,055-860-3454,2021-04-01,5430000,경상남도 남해군,0.6,0
경상남도,남해군,동부대로,,경상남도 남해군 삼동면 금송리 1416-3,남해-149,1,,N,34.82691518,128.0342941,2,8,12,N,N,N,20,,N,N,N,N,경상남도 남해군,055-860-3454,2021-04-01,5430000,경상남도 남해군,0.6,0
경상남도,남해군,동부대로,,경상남도 남해군 삼동면 금송리 909-13,남해-150,1,,N,34.82855143,128.0116424,2,8,12,N,N,N,20,,N,Y,N,N,경상남도 남해군,055-860-3454,2021-04-01,5430000,경상남도 남해군,0.6,0
경상남도,남해군,동부대로,,경상남도 남해군 삼동면 금송리 526-15,남해-151,1,,N,34.8297402,128.0200827,2,8,15,N,N,N,20,,N,Y,N,N,경상남도 남해군,055-860-3454,2021-04-01,5430000,경상남도 남해군,0.75,0
경상남도,남해군,동부대로,,경상남도 남해군 삼동면 금송리 1333-9,남해-152,1,,N,34.82921819,128.0145178,2,8,12,N,N,N,20,,N,Y,N,N,경상남도 남해군,055-860-3454,2021-04-01,5430000,경상남도 남해군,0.6,0
경상남도,남해군,동부대로,,경상남도 남해군 삼동면 금송리 1413-7,남해-153,1,,N,34.82981398,128.0062746,2,6,12,N,N,N,20,,N,Y,N,N,경상남도 남해군,055-860-3454,2021-04-01,5430000,경상남도 남해군,0.6,0
경상남도,남해군,동부대로,,경상남도 남해군 삼동면 금송리 산 86-9,남해-154,1,,N,34.82949652,128.0215804,2,8,12,N,N,N,20,,N,Y,N,N,경상남도 남해군,055-860-3454,2021-04-01,5430000,경상남도 남해군,0.6,0
경상남도,남해군,동부대로,,경상남도 남해군 삼동면 동천리 1029-5,남해-155,1,,N,34.80805569,128.0349308,2,8,12,N,N,N,20,,N,Y,N,N,경상남도 남해군,055-860-3454,2021-04-01,5430000,경상남도 남해군,0.6,0
경상남도,남해군,동부대로,,경상남도 남해군 삼동면 동천리 1039-1,남해-156,1,,N,34.80691936,128.0363839,2,8,12,N,N,N,20,,N,Y,N,Y,경상남도 남해군,055-860-3454,2021-04-01,5430000,경상남도 남해군,0.6,0
경상남도,남해군,동부대로,,경상남도 남해군 삼동면 동천리 1029-5,남해-157,1,,N,34.80828112,128.034756,2,8,15,N,N,N,20,,N,Y,N,N,경상남도 남해군,055-860-3454,2021-04-01,5430000,경상남도 남해군,0.75,0
경상남도,남해군,동부대로,,경상남도 남해군 삼동면 동천리 1126-2,남해-158,1,,N,34.81167005,128.0370419,2,8,15,N,N,N,20,,N,Y,N,N,경상남도 남해군,055-860-3454,2021-04-01,5430000,경상남도 남해군,0.75,0
경상남도,남해군,동부대로,,경상남도 남해군 삼동면 동천리 1568-2,남해-159,1,,N,34.82276797,128.0354182,2,8,12,N,N,N,20,,N,Y,N,Y,경상남도 남해군,055-860-3454,2021-04-01,5430000,경상남도 남해군,0.6,0
경상남도,남해군,동부대로,,경상남도 남해군 삼동면 동천리 1657-3,남해-160,1,,N,34.82195658,128.0355381,2,8,12,N,N,N,20,,N,Y,N,N,경상남도 남해군,055-860-3454,2021-04-01,5430000,경상남도 남해군,0.6,0
경상남도,남해군,동부대로,,경상남도 남해군 삼동면 동천리 818-5,남해-161,1,,N,34.8027603,128.0454533,2,8,12,N,N,N,20,,N,Y,N,N,경상남도 남해군,055-860-3454,2021-04-01,5430000,경상남도 남해군,0.6,0
경상남도,남해군,동부대로,,경상남도 남해군 삼동면 동천리 산 397-11,남해-162,1,,N,34.80603524,128.0384164,2,8,12,N,N,N,20,,N,Y,N,N,경상남도 남해군,055-860-3454,2021-04-01,5430000,경상남도 남해군,0.6,0
경상남도,남해군,동부대로,,경상남도 남해군 삼동면 물건리 1080,남해-163,1,,N,34.77437344,128.0417007,2,8,12,N,N,N,20,,N,N,N,N,경상남도 남해군,055-860-3454,2021-04-01,5430000,경상남도 남해군,0.6,0
경상남도,남해군,동부대로,,경상남도 남해군 삼동면 물건리 254-2,남해-164,1,,N,34.79901067,128.0438446,2,8,12,N,N,N,20,,N,N,N,N,경상남도 남해군,055-860-3454,2021-04-01,5430000,경상남도 남해군,0.6,0
경상남도,남해군,동부대로,,경상남도 남해군 삼동면 물건리 296-4,남해-165,1,,N,34.79610714,128.0457118,2,8,12,N,N,N,20,,N,Y,N,Y,경상남도 남해군,055-860-3454,2021-04-01,5430000,경상남도 남해군,0.6,0
경상남도,남해군,망운로,경상남도 남해군 남해읍 망운로 80,경상남도 남해군 남해읍 아산리 975-1,남해-109,1,,N,34.83867684,127.8847993,2,8,15,N,N,N,20,,N,N,N,N,경상남도 남해군,055-860-3454,2021-04-01,5430000,경상남도 남해군,0.75,0
경상남도,남해군,화전로95번길,경상남도 남해군 남해읍 화전로95번길 33-1,경상남도 남해군 남해읍 아산리 350-25,남해-110,1,,N,34.83965532,127.8901338,2,8,15,N,N,N,20,,N,N,N,N,경상남도 남해군,055-860-3454,2021-04-01,5430000,경상남도 남해군,0.75,0
경상남도,남해군,화전로95번길,경상남도 남해군 남해읍 망운로30번길 17,경상남도 남해군 남해읍 아산리 352-4,남해-111,1,,N,34.83952066,127.8907682,2,8,15,N,N,N,24,,N,Y,N,N,경상남도 남해군,055-860-3454,2021-04-01,5430000,경상남도 남해군,0.625,0
경상남도,남해군,화전로,,경상남도 남해군 남해읍 아산리 355-2,남해-112,1,,N,34.83823093,127.8901029,2,6,12,N,N,N,20,,N,N,N,N,경상남도 남해군,055-860-3454,2021-04-01,5430000,경상남도 남해군,0.6,0
경상남도,남해군,화전로95번길,경상남도 남해군 남해읍 화전로95번길 19 개인과외,경상남도 남해군 남해읍 아산리 371-4,남해-113,1,,N,34.83947629,127.8915664,2,8,15,N,N,N,28,,N,N,N,N,경상남도 남해군,055-860-3454,2021-04-01,5430000,경상남도 남해군,0.535714286,0
경상남도,남해군,망운로61번길,,경상남도 남해군 남해읍 아산리 447-5,남해-114,1,,N,34.83665072,127.8872185,2,8,15,N,N,N,20,,N,Y,N,Y,경상남도 남해군,055-860-3454,2021-04-01,5430000,경상남도 남해군,0.75,0
경상남도,남해군,망운로,경상남도 남해군 남해읍 망운로 85,경상남도 남해군 남해읍 아산리 967-2,남해-115,1,,N,34.83990275,127.8846774,2,10,15,N,N,N,20,,N,Y,N,Y,경상남도 남해군,055-860-3454,2021-04-01,5430000,경상남도 남해군,0.75,0
경상남도,남해군,망운로,경상남도 남해군 남해읍 망운로 63,경상남도 남해군 남해읍 아산리 430,남해-116,1,,N,34.83856119,127.8864724,2,8,15,N,N,N,28,,N,Y,N,Y,경상남도 남해군,055-860-3454,2021-04-01,5430000,경상남도 남해군,0.535714286,0
경상남도,남해군,남해대로,,경상남도 남해군 남해읍 입현리 1679-1,남해-117,1,,N,34.83140906,127.9038108,3,6,10,N,N,N,28,141,N,N,N,N,경상남도 남해군,055-860-3454,2021-04-01,5430000,경상남도 남해군,0.357142857,0
경상남도,남해군,남해대로,,경상남도 남해군 남해읍 입현리 898-5,남해-118,1,,N,34.82383524,127.914347,2,6,6,N,N,N,28,133,N,Y,N,N,경상남도 남해군,055-860-3454,2021-04-01,5430000,경상남도 남해군,0.214285714,0
경상남도,남해군,남해대로,,경상남도 남해군 남해읍 차산리 786-10,남해-119,1,,N,34.84737619,127.8948367,4,7,23,N,N,N,22,138,N,Y,N,N,경상남도 남해군,055-860-3454,2021-04-01,5430000,경상남도 남해군,1.045454545,0
경상남도,남해군,남해대로,,경상남도 남해군 남해읍 차산리 786-10,남해-120,1,,N,34.84737619,127.8948367,4,4,10,N,N,N,22,130,N,Y,N,Y,경상남도 남해군,055-860-3454,2021-04-01,5430000,경상남도 남해군,0.454545455,0
경상남도,남해군,남해대로,,경상남도 남해군 남해읍 차산리 786-10,남해-121,1,,N,34.84737619,127.8948367,1,4,12,N,N,N,25,,N,N,N,N,경상남도 남해군,055-860-3454,2021-04-01,5430000,경상남도 남해군,0.48,0
경상남도,남해군,화전로,,경상남도 남해군 남해읍 차산리 786-10,남해-122,1,,N,34.84737619,127.8948367,2,5,18,N,N,N,25,,N,N,N,N,경상남도 남해군,055-860-3454,2021-04-01,5430000,경상남도 남해군,0.72,0
경상남도,남해군,스포츠로,,경상남도 남해군 남해읍 평현리 1036-3,남해-123,1,,N,34.82348126,127.8791465,4,8,30,N,N,N,20,,N,N,N,N,경상남도 남해군,055-860-3454,2021-04-01,5430000,경상남도 남해군,1.5,0
경상남도,남해군,스포츠로,,경상남도 남해군 남해읍 평현리 1087-5,남해-124,1,,N,34.8202986,127.8787576,2,6,15,N,N,N,20,,N,Y,N,N,경상남도 남해군,055-860-3454,2021-04-01,5430000,경상남도 남해군,0.75,0
경상남도,남해군,스포츠로,,경상남도 남해군 남해읍 평현리 1106-8,남해-125,1,,N,34.82097364,127.8776635,4,8,35,N,N,Y,20,,N,N,N,N,경상남도 남해군,055-860-3454,2021-04-01,5430000,경상남도 남해군,1.75,0
경상남도,남해군,스포츠로,,경상남도 남해군 남해읍 평현리 1221-8,남해-126,1,,N,34.81846868,127.8788805,3,8,35,N,N,Y,20,,N,Y,N,N,경상남도 남해군,055-860-3454,2021-04-01,5430000,경상남도 남해군,1.75,0
경상남도,남해군,스포츠로,,경상남도 남해군 남해읍 평현리 1321-10,남해-127,1,,N,34.82930013,127.8743715,2,8,20,N,N,N,20,,N,Y,N,N,경상남도 남해군,055-860-3454,2021-04-01,5430000,경상남도 남해군,1,0
경상남도,남해군,스포츠로,,경상남도 남해군 남해읍 평현리 1611,남해-128,1,,N,34.81018011,127.8842811,2,8,35,N,N,Y,20,,N,N,N,N,경상남도 남해군,055-860-3454,2021-04-01,5430000,경상남도 남해군,1.75,0
경상남도,남해군,남해대로,,경상남도 남해군 미조면 미조리 105-9,남해-129,1,,N,34.71331328,128.0446603,2,4,6,N,N,Y,20,140,N,Y,N,N,경상남도 남해군,055-860-3454,2021-04-01,5430000,경상남도 남해군,0.3,0
경상남도,남해군,남해대로,,경상남도 남해군 미조면 미조리 107-7,남해-130,1,,N,34.71443139,128.0440386,2,5,7,N,N,N,20,140,N,N,N,N,경상남도 남해군,055-860-3454,2021-04-01,5430000,경상남도 남해군,0.35,0
경상남도,남해군,남해대로,,경상남도 남해군 미조면 미조리 197-5,남해-131,1,,N,34.70702294,128.0383907,2,4,6,N,N,N,19,161,N,Y,N,N,경상남도 남해군,055-860-3454,2021-04-01,5430000,경상남도 남해군,0.315789474,0
경상남도,남해군,남해대로,,경상남도 남해군 미조면 미조리 263-1,남해-132,1,,N,34.70741847,128.0417314,2,4,8,N,N,Y,20,140,N,Y,N,N,경상남도 남해군,055-860-3454,2021-04-01,5430000,경상남도 남해군,0.4,0
경상남도,남해군,남해대로,,경상남도 남해군 미조면 미조리 562,남해-133,1,,N,34.71599206,128.0411354,2,6,8,N,N,N,22,165,N,N,N,N,경상남도 남해군,055-860-3454,2021-04-01,5430000,경상남도 남해군,0.363636364,0
경상남도,남해군,남해대로,,경상남도 남해군 미조면 미조리 611-2,남해-134,1,,N,34.71597351,128.0425874,2,6,8,N,N,N,25,168,N,N,N,N,경상남도 남해군,055-860-3454,2021-04-01,5430000,경상남도 남해군,0.32,0
경상남도,남해군,남해대로,,경상남도 남해군 미조면 미조리 산 87-1,남해-135,1,,N,34.70672467,128.040683,2,4,8,N,N,N,20,140,N,N,N,N,경상남도 남해군,055-860-3454,2021-04-01,5430000,경상남도 남해군,0.4,0
경상남도,남해군,남해대로,,경상남도 남해군 미조면 송정리 1125-4,남해-136,1,,N,34.7236326,128.0241933,2,4,7,N,N,N,25,165,N,Y,N,N,경상남도 남해군,055-860-3454,2021-04-01,5430000,경상남도 남해군,0.28,0
경상남도,남해군,화전로,,경상남도 남해군 남해읍 북변리 634,남해-93,1,,N,34.83935222,127.8940267,2,6,12,N,N,N,20,,N,N,N,N,경상남도 남해군,055-860-3454,2021-04-01,5430000,경상남도 남해군,0.6,10
경상남도,남해군,망운로,,경상남도 남해군 남해읍 북변리 650,남해-94,1,,N,34.8405621,127.8962448,2,4,12,N,N,N,20,,N,N,N,N,경상남도 남해군,055-860-3454,2021-04-01,5430000,경상남도 남해군,0.6,0
경상남도,남해군,화전로78번나길,경상남도 남해군 남해읍 화전로78번길 15 김가네즉석김밥,경상남도 남해군 남해읍 북변리 89-2,남해-95,1,,N,34.83835312,127.8958539,2,6,15,N,N,N,20,,N,Y,N,N,경상남도 남해군,055-860-3454,2021-04-01,5430000,경상남도 남해군,0.75,0
경상남도,남해군,망운로,,경상남도 남해군 남해읍 북변리 97-1,남해-96,1,,N,34.83787445,127.8948268,2,6,25,N,N,Y,20,,N,N,N,N,경상남도 남해군,055-860-3454,2021-04-01,5430000,경상남도 남해군,1.25,8
경상남도,남해군,망운로,,경상남도 남해군 남해읍 북변리 97-1,남해-97,1,,N,34.83787445,127.8948268,2,6,12,N,N,N,20,,N,N,N,N,경상남도 남해군,055-860-3454,2021-04-01,5430000,경상남도 남해군,0.6,8
경상남도,남해군,화전로,,경상남도 남해군 남해읍 서변리 154-2,남해-98,1,,N,34.83591796,127.894534,2,6,12,N,N,N,20,,N,N,N,N,경상남도 남해군,055-860-3454,2021-04-01,5430000,경상남도 남해군,0.6,0
경상남도,남해군,화전로,,경상남도 남해군 남해읍 서변리 182-2,남해-99,1,,N,34.83443952,127.8945359,2,6,12,N,N,N,20,,N,Y,N,N,경상남도 남해군,055-860-3454,2021-04-01,5430000,경상남도 남해군,0.6,0
경상남도,남해군,망운로61번길,,경상남도 남해군 남해읍 서변리 263-2,남해-100,1,,N,34.83427036,127.8867625,2,8,15,N,N,N,24,,N,N,N,N,경상남도 남해군,055-860-3454,2021-04-01,5430000,경상남도 남해군,0.625,0
경상남도,남해군,망운로21번가길,경상남도 남해군 남해읍 망운로21번가길 24-2 이루리학원,경상남도 남해군 남해읍 서변리 283,남해-101,1,,N,34.8352026,127.8908722,2,6,15,N,N,N,20,,N,Y,N,Y,경상남도 남해군,055-860-3454,2021-04-01,5430000,경상남도 남해군,0.75,0
경상남도,남해군,망운로21번가길,경상남도 남해군 남해읍 망운로21번가길 24-17 롯데칠성남해대리점,경상남도 남해군 남해읍 서변리 362,남해-102,1,,N,34.83515557,127.8886856,2,6,15,N,N,N,20,,N,Y,N,N,경상남도 남해군,055-860-3454,2021-04-01,5430000,경상남도 남해군,0.75,0
경상남도,남해군,망운로61번길,,경상남도 남해군 남해읍 서변리 366-1,남해-103,1,,N,34.83506414,127.8872753,2,8,15,N,N,N,20,,N,Y,N,N,경상남도 남해군,055-860-3454,2021-04-01,5430000,경상남도 남해군,0.75,0
경상남도,남해군,화전로,,경상남도 남해군 남해읍 서변리 498,남해-104,1,,N,34.83533249,127.8951142,2,8,15,N,N,N,20,,N,N,N,N,경상남도 남해군,055-860-3454,2021-04-01,5430000,경상남도 남해군,0.75,0
경상남도,남해군,망운로9번길,경상남도 남해군 남해읍 화전로 51-14,경상남도 남해군 남해읍 서변리 65-17,남해-105,1,,N,34.83613321,127.8932436,2,6,15,N,N,N,24,,N,N,N,N,경상남도 남해군,055-860-3454,2021-04-01,5430000,경상남도 남해군,0.625,0
경상남도,남해군,남해대로,,경상남도 남해군 남해읍 심천리 820-2,남해-106,1,,N,34.85362212,127.8932104,2,6,10,N,N,N,22,138,N,Y,N,N,경상남도 남해군,055-860-3454,2021-04-01,5430000,경상남도 남해군,0.454545455,0
경상남도,남해군,남해대로,,경상남도 남해군 남해읍 아산리 1416,남해-107,1,,N,34.84630328,127.894685,2,4,10,N,N,N,22,138,N,Y,N,Y,경상남도 남해군,055-860-3454,2021-04-01,5430000,경상남도 남해군,0.454545455,0
경상남도,남해군,화전로,,경상남도 남해군 남해읍 아산리 1416,남해-108,1,,N,34.84630328,127.894685,2,6,15,N,N,N,25,,N,N,N,N,경상남도 남해군,055-860-3454,2021-04-01,5430000,경상남도 남해군,0.6,0
경상남도,남해군,화전로,,경상남도 남해군 남해읍 남변리 402-1,남해-64,1,,N,34.83653974,127.894238,2,6,12,N,N,N,28,,N,N,N,N,경상남도 남해군,055-860-3454,2021-04-01,5430000,경상남도 남해군,0.428571429,0
경상남도,남해군,화전로,,경상남도 남해군 남해읍 남변리 650,남해-65,1,,N,34.83736913,127.8942588,2,8,15,N,N,N,28,,N,N,N,N,경상남도 남해군,055-860-3454,2021-04-01,5430000,경상남도 남해군,0.535714286,8
경상남도,남해군,화전로,,경상남도 남해군 남해읍 남변리 654,남해-66,1,,N,34.83449538,127.896635,2,6,15,N,N,N,20,,N,N,N,N,경상남도 남해군,055-860-3454,2021-04-01,5430000,경상남도 남해군,0.75,0
경상남도,남해군,화전로,,경상남도 남해군 남해읍 남변리 655,남해-67,1,,N,34.83336203,127.8996977,2,6,12,N,N,N,20,,N,N,N,Y,경상남도 남해군,055-860-3454,2021-04-01,5430000,경상남도 남해군,0.6,0
경상남도,남해군,화전로,,경상남도 남해군 남해읍 남변리 655,남해-68,1,,N,34.83336203,127.8996977,2,6,15,N,N,N,20,,N,N,N,N,경상남도 남해군,055-860-3454,2021-04-01,5430000,경상남도 남해군,0.75,0
경상남도,남해군,망운로,,경상남도 남해군 남해읍 북변리 141-1,남해-69,1,,N,34.83816133,127.8929676,2,8,20,N,N,N,20,,N,N,N,N,경상남도 남해군,055-860-3454,2021-04-01,5430000,경상남도 남해군,1,0
경상남도,남해군,망운로,,경상남도 남해군 남해읍 북변리 141-8,남해-70,1,,N,34.83813344,127.8919946,2,4,20,N,N,N,20,,N,N,N,N,경상남도 남해군,055-860-3454,2021-04-01,5430000,경상남도 남해군,1,0
경상남도,남해군,망운로,,경상남도 남해군 남해읍 북변리 147-3,남해-71,1,,N,34.83819846,127.8942031,2,8,25,N,N,Y,20,,N,N,N,Y,경상남도 남해군,055-860-3454,2021-04-01,5430000,경상남도 남해군,1.25,8
경상남도,남해군,망운로,,경상남도 남해군 남해읍 북변리 165-2,남해-72,1,,N,34.83807981,127.8925195,2,6,20,N,N,N,20,,N,N,N,Y,경상남도 남해군,055-860-3454,2021-04-01,5430000,경상남도 남해군,1,0
경상남도,남해군,화전로,,경상남도 남해군 남해읍 북변리 246-2,남해-73,1,,N,34.83989304,127.8939386,2,6,12,N,N,N,20,,N,N,N,N,경상남도 남해군,055-860-3454,2021-04-01,5430000,경상남도 남해군,0.6,10
경상남도,남해군,화전로,,경상남도 남해군 남해읍 북변리 246-24,남해-74,1,,N,34.83981185,127.8938731,2,4,12,N,N,N,20,,N,N,N,N,경상남도 남해군,055-860-3454,2021-04-01,5430000,경상남도 남해군,0.6,10
경상남도,남해군,화전로,,경상남도 남해군 남해읍 북변리 248-12,남해-75,1,,N,34.8397767,127.8949446,2,4,12,N,N,N,20,,N,N,N,Y,경상남도 남해군,055-860-3454,2021-04-01,5430000,경상남도 남해군,0.6,10
경상남도,남해군,화전로,,경상남도 남해군 남해읍 북변리 265-1,남해-76,1,,N,34.84112149,127.8968018,2,6,15,N,N,N,20,,N,N,N,N,경상남도 남해군,055-860-3454,2021-04-01,5430000,경상남도 남해군,0.75,0
경상남도,남해군,화전로,,경상남도 남해군 남해읍 북변리 265-1,남해-77,1,,N,34.84112149,127.8968018,2,6,15,N,N,N,20,,N,N,N,N,경상남도 남해군,055-860-3454,2021-04-01,5430000,경상남도 남해군,0.75,0
경상남도,남해군,화전로96번라길,,경상남도 남해군 남해읍 북변리 265-1,남해-78,1,,N,34.84112149,127.8968018,2,6,15,N,N,N,24,,N,Y,N,Y,경상남도 남해군,055-860-3454,2021-04-01,5430000,경상남도 남해군,0.625,0
경상남도,남해군,화전로,,경상남도 남해군 남해읍 북변리 632,남해-79,1,,N,34.84061427,127.8939814,2,6,15,N,N,N,20,,N,N,N,N,경상남도 남해군,055-860-3454,2021-04-01,5430000,경상남도 남해군,0.75,0
경상남도,남해군,남해대로,,경상남도 남해군 남해읍 북변리 440-1,남해-80,1,,N,34.84258361,127.8988557,5,8,20,N,N,N,20,138,N,N,N,Y,경상남도 남해군,055-860-3454,2021-04-01,5430000,경상남도 남해군,1,0
경상남도,남해군,남해대로,,경상남도 남해군 남해읍 북변리 440-1,남해-81,1,,N,34.84258361,127.8988557,4,10,35,N,N,N,25,,N,N,N,Y,경상남도 남해군,055-860-3454,2021-04-01,5430000,경상남도 남해군,1.4,0
경상남도,남해군,화전로,,경상남도 남해군 남해읍 북변리 554-17,남해-82,1,,N,34.84200241,127.8938047,2,8,15,N,N,N,20,,N,N,N,N,경상남도 남해군,055-860-3454,2021-04-01,5430000,경상남도 남해군,0.75,0
경상남도,남해군,화전로,,경상남도 남해군 남해읍 북변리 554-8,남해-83,1,,N,34.8420657,127.8940124,2,8,20,N,N,Y,20,,N,N,N,Y,경상남도 남해군,055-860-3454,2021-04-01,5430000,경상남도 남해군,1,0
경상남도,남해군,화전로,,경상남도 남해군 남해읍 북변리 555-4,남해-84,1,,N,34.84195788,127.8944389,2,8,20,N,N,Y,20,,N,N,N,N,경상남도 남해군,055-860-3454,2021-04-01,5430000,경상남도 남해군,1,4
경상남도,남해군,화전로,,경상남도 남해군 남해읍 북변리 559-7,남해-85,1,,N,34.84272386,127.894099,1,4,30,N,N,N,25,,N,N,N,N,경상남도 남해군,055-860-3454,2021-04-01,5430000,경상남도 남해군,1.2,0
경상남도,남해군,화전로,,경상남도 남해군 남해읍 북변리 555-4,남해-86,1,,N,34.84284295,127.8963295,2,8,15,N,N,N,20,,N,N,N,Y,경상남도 남해군,055-860-3454,2021-04-01,5430000,경상남도 남해군,0.75,0
경상남도,남해군,화전로,,경상남도 남해군 남해읍 북변리 622-10,남해-87,1,,N,34.84230905,127.8939574,2,6,18,N,N,N,20,,N,Y,N,Y,경상남도 남해군,055-860-3454,2021-04-01,5430000,경상남도 남해군,0.9,0
경상남도,남해군,화전로,,경상남도 남해군 남해읍 북변리 622-5,남해-88,1,,N,34.84365273,127.8944915,2,6,15,N,N,N,25,,N,Y,N,N,경상남도 남해군,055-860-3454,2021-04-01,5430000,경상남도 남해군,0.6,0
경상남도,남해군,망운로,,경상남도 남해군 남해읍 북변리 629,남해-89,1,,N,34.83791868,127.8938317,2,8,25,N,N,Y,20,,N,N,N,N,경상남도 남해군,055-860-3454,2021-04-01,5430000,경상남도 남해군,1.25,8
경상남도,남해군,망운로,,경상남도 남해군 남해읍 북변리 629,남해-90,1,,N,34.83791868,127.8938317,2,6,12,N,N,N,20,,N,N,N,N,경상남도 남해군,055-860-3454,2021-04-01,5430000,경상남도 남해군,0.6,8
경상남도,남해군,화전로,,경상남도 남해군 남해읍 북변리 632,남해-91,1,,N,34.84125444,127.8941118,2,6,15,N,N,N,20,,N,N,N,N,경상남도 남해군,055-860-3454,2021-04-01,5430000,경상남도 남해군,0.75,0
경상남도,남해군,화전로,,경상남도 남해군 남해읍 북변리 632,남해-92,1,,N,34.84125444,127.8941118,2,6,18,N,N,N,20,,N,N,N,Y,경상남도 남해군,055-860-3454,2021-04-01,5430000,경상남도 남해군,0.9,0
경상남도,남해군,남면로,,경상남도 남해군 남면 석교리 693-2,남해-36,1,,N,34.76367678,127.9004144,2,6,15,N,N,N,20,,N,N,N,N,경상남도 남해군,055-860-3454,2021-04-01,5430000,경상남도 남해군,0.75,0
경상남도,남해군,남면로,,경상남도 남해군 남면 선구리 1372,남해-37,1,,N,34.74265828,127.8589384,2,6,15,N,N,N,20,,N,Y,N,Y,경상남도 남해군,055-860-3454,2021-04-01,5430000,경상남도 남해군,0.75,0
경상남도,남해군,남면로,경상남도 남해군 남면 남면로1103번길 53-22,경상남도 남해군 남면 선구리 1220-2,남해-38,1,,N,34.73917485,127.8558209,2,6,15,N,N,N,20,,N,Y,N,N,경상남도 남해군,055-860-3454,2021-04-01,5430000,경상남도 남해군,0.75,0
경상남도,남해군,남면로,,경상남도 남해군 남면 선구리 308-3,남해-39,1,,N,34.73328773,127.863486,2,6,15,N,N,N,20,,N,Y,N,Y,경상남도 남해군,055-860-3454,2021-04-01,5430000,경상남도 남해군,0.75,0
경상남도,남해군,남면로,,경상남도 남해군 남면 선구리 321-1,남해-40,1,,N,34.73209006,127.8646891,2,10,15,N,N,N,20,,N,N,N,N,경상남도 남해군,055-860-3454,2021-04-01,5430000,경상남도 남해군,0.75,0
경상남도,남해군,남면로,경상남도 남해군 남면 남면로 1342,경상남도 남해군 남면 임포리 383-2,남해-41,1,,N,34.74596906,127.8691447,2,6,15,N,N,N,20,,N,Y,N,N,경상남도 남해군,055-860-3454,2021-04-01,5430000,경상남도 남해군,0.75,0
경상남도,남해군,남면로,경상남도 남해군 남면 남면로 1361-5,경상남도 남해군 남면 임포리 884-5,남해-42,1,,N,34.74576002,127.8675614,2,8,15,N,N,N,20,,N,Y,N,N,경상남도 남해군,055-860-3454,2021-04-01,5430000,경상남도 남해군,0.75,0
경상남도,남해군,남면로,경상남도 남해군 남면 남면로 1976,경상남도 남해군 남면 죽전리 1011-3,남해-43,1,,N,34.77286725,127.8752427,2,6,15,N,N,N,20,,N,Y,N,Y,경상남도 남해군,055-860-3454,2021-04-01,5430000,경상남도 남해군,0.75,0
경상남도,남해군,남서대로,,경상남도 남해군 남면 죽전리 1185-3,남해-44,1,,N,34.77497633,127.8748135,2,8,15,N,N,N,20,,N,N,N,N,경상남도 남해군,055-860-3454,2021-04-01,5430000,경상남도 남해군,0.75,0
경상남도,남해군,남서대로,경상남도 남해군 남면 남서대로 800,경상남도 남해군 남면 죽전리 374-1,남해-45,1,,N,34.77137024,127.8839413,2,8,15,N,N,Y,20,,N,N,N,N,경상남도 남해군,055-860-3454,2021-04-01,5430000,경상남도 남해군,0.75,0
경상남도,남해군,남서대로,경상남도 남해군 남면 남서대로 796 순미용실,경상남도 남해군 남면 죽전리 374-5,남해-46,1,,N,34.77137094,127.8846842,2,8,15,N,N,N,20,,N,Y,N,N,경상남도 남해군,055-860-3454,2021-04-01,5430000,경상남도 남해군,0.75,0
경상남도,남해군,남면로,경상남도 남해군 남면 남면로 1577,경상남도 남해군 남면 평산리 1209-1,남해-47,1,,N,34.75533144,127.8496326,2,6,15,N,N,N,20,,N,Y,N,Y,경상남도 남해군,055-860-3454,2021-04-01,5430000,경상남도 남해군,0.75,0
경상남도,남해군,남면로,,경상남도 남해군 남면 평산리 1403-3,남해-48,1,,N,34.76146109,127.8491628,2,6,15,N,N,N,20,,N,N,N,N,경상남도 남해군,055-860-3454,2021-04-01,5430000,경상남도 남해군,0.75,0
경상남도,남해군,남면로,,경상남도 남해군 남면 평산리 1626-2,남해-49,1,,N,34.76581681,127.8503567,2,6,15,N,N,N,20,,N,Y,N,N,경상남도 남해군,055-860-3454,2021-04-01,5430000,경상남도 남해군,0.75,0
경상남도,남해군,남면로,,경상남도 남해군 남면 평산리 2429,남해-50,1,,N,34.77270154,127.8634983,2,8,15,N,N,N,20,,N,Y,N,N,경상남도 남해군,055-860-3454,2021-04-01,5430000,경상남도 남해군,0.75,0
경상남도,남해군,남면로,경상남도 남해군 남면 남면로 1874,경상남도 남해군 남면 평산리 191-3,남해-51,1,,N,34.77296431,127.8647106,2,6,15,N,N,N,20,,N,N,N,Y,경상남도 남해군,055-860-3454,2021-04-01,5430000,경상남도 남해군,0.75,0
경상남도,남해군,남면로,경상남도 남해군 남면 남면로 1742,경상남도 남해군 남면 평산리 1650-3,남해-52,1,,N,34.7687311,127.8523725,2,6,15,N,N,N,20,,N,Y,N,Y,경상남도 남해군,055-860-3454,2021-04-01,5430000,경상남도 남해군,0.75,0
경상남도,남해군,남면로,경상남도 남해군 남면 남면로 1833 으뜸할인마트,경상남도 남해군 남면 평산리 300-4,남해-53,1,,N,34.7721301,127.8603856,2,8,15,N,N,N,20,,N,N,N,N,경상남도 남해군,055-860-3454,2021-04-01,5430000,경상남도 남해군,0.75,0
경상남도,남해군,남면로,경상남도 남해군 남면 남면로 354,경상남도 남해군 남면 홍현리 313-2,남해-55,1,,N,34.74499384,127.9071861,2,8,15,N,N,N,20,,N,Y,N,Y,경상남도 남해군,055-860-3454,2021-04-01,5430000,경상남도 남해군,0.75,0
경상남도,남해군,남면로,경상남도 남해군 남면 남면로 326,경상남도 남해군 남면 홍현리 64,남해-56,1,,N,34.74789717,127.9078163,2,6,15,N,N,N,20,,N,N,N,N,경상남도 남해군,055-860-3454,2021-04-01,5430000,경상남도 남해군,0.75,0
경상남도,남해군,남면로,,경상남도 남해군 남면 홍현리 972-2,남해-57,1,,N,34.72953213,127.8948531,2,6,15,N,N,N,20,,N,Y,N,N,경상남도 남해군,055-860-3454,2021-04-01,5430000,경상남도 남해군,0.75,0
경상남도,남해군,남해대로,,경상남도 남해군 남해읍 남변리 273-1,남해-58,1,,N,34.83491244,127.8994991,5,6,16,N,N,N,19,141,N,Y,N,N,경상남도 남해군,055-860-3454,2021-04-01,5430000,경상남도 남해군,0.842105263,0
경상남도,남해군,남해대로,,경상남도 남해군 남해읍 남변리 280-9,남해-59,1,,N,34.83603915,127.8993118,4,8,18,N,N,N,22,138,N,Y,N,N,경상남도 남해군,055-860-3454,2021-04-01,5430000,경상남도 남해군,0.818181818,0
경상남도,남해군,화전로38번가길,경상남도 남해군 남해읍 화전로38번가길 9 우정어린이집,경상남도 남해군 남해읍 남변리 327-7,남해-60,1,,N,34.83544201,127.8967104,2,6,12,N,N,N,20,,N,N,N,N,경상남도 남해군,055-860-3454,2021-04-01,5430000,경상남도 남해군,0.6,0
경상남도,남해군,화전로,,경상남도 남해군 남해읍 남변리 388-2,남해-61,1,,N,34.83704434,127.893964,2,8,20,N,N,N,28,,N,N,N,N,경상남도 남해군,055-860-3454,2021-04-01,5430000,경상남도 남해군,0.714285714,0
경상남도,남해군,화전로,,경상남도 남해군 남해읍 남변리 399-1,남해-62,1,,N,34.83650391,127.8945005,2,6,15,N,N,N,28,,N,N,N,N,경상남도 남해군,055-860-3454,2021-04-01,5430000,경상남도 남해군,0.535714286,0
경상남도,남해군,화전로,,경상남도 남해군 남해읍 남변리 400-2,남해-63,1,,N,34.83642273,127.8944459,2,6,12,N,N,N,28,,N,N,N,N,경상남도 남해군,055-860-3454,2021-04-01,5430000,경상남도 남해군,0.428571429,0
경상남도,남해군,남해대로,,경상남도 남해군 고현면 도마리 226-2,남해-8,1,,N,34.87169672,127.8929248,2,6,10,N,Y,N,28,122,N,Y,N,N,경상남도 남해군,055-860-3454,2021-04-01,5430000,경상남도 남해군,0.357142857,0
경상남도,남해군,남해대로,,경상남도 남해군 고현면 도마리 226-2,남해-9,1,,N,34.87139021,127.8929142,2,6,15,N,N,N,25,,N,Y,N,N,경상남도 남해군,055-860-3454,2021-04-01,5430000,경상남도 남해군,0.6,0
경상남도,남해군,남해대로,,경상남도 남해군 고현면 도마리 5002,남해-10,1,,N,34.88003286,127.8899605,2,6,8,N,N,Y,28,122,N,Y,N,Y,경상남도 남해군,055-860-3454,2021-04-01,5430000,경상남도 남해군,0.285714286,0
경상남도,남해군,설천로,,경상남도 남해군 고현면 도마리 5002,남해-11,1,,N,34.88003286,127.8899605,2,8,15,N,N,N,20,,N,N,N,N,경상남도 남해군,055-860-3454,2021-04-01,5430000,경상남도 남해군,0.75,0
경상남도,남해군,남해대로,,경상남도 남해군 고현면 도마리 650-4,남해-12,1,,N,34.88085416,127.8910205,2,4,6,N,N,Y,28,122,N,Y,N,Y,경상남도 남해군,055-860-3454,2021-04-01,5430000,경상남도 남해군,0.214285714,0
경상남도,남해군,설천로,,경상남도 남해군 고현면 도마리 650-4,남해-13,1,,N,34.88085416,127.8910205,2,8,15,N,N,N,20,,N,Y,N,Y,경상남도 남해군,055-860-3454,2021-04-01,5430000,경상남도 남해군,0.75,0
경상남도,남해군,남해대로,,경상남도 남해군 고현면 도마리 699-17,남해-14,1,,N,34.87871639,127.8896231,2,6,8,N,N,Y,28,122,N,Y,N,Y,경상남도 남해군,055-860-3454,2021-04-01,5430000,경상남도 남해군,0.285714286,0
경상남도,남해군,남해대로,,경상남도 남해군 고현면 도마리 699-17,남해-15,1,,N,34.87871639,127.8896231,2,6,18,N,N,N,25,,N,N,N,N,경상남도 남해군,055-860-3454,2021-04-01,5430000,경상남도 남해군,0.72,0
경상남도,남해군,남해대로,,경상남도 남해군 고현면 오곡리 196-9,남해-16,1,,N,34.88446313,127.8844518,2,6,7,N,N,Y,25,125,N,Y,N,Y,경상남도 남해군,055-860-3454,2021-04-01,5430000,경상남도 남해군,0.28,0
경상남도,남해군,남해대로,,경상남도 남해군 고현면 오곡리 196-9,남해-17,1,,N,34.88558825,127.8826123,5,8,35,N,N,N,25,,N,N,N,N,경상남도 남해군,055-860-3454,2021-04-01,5430000,경상남도 남해군,1.4,0
경상남도,남해군,남해대로,,경상남도 남해군 고현면 오곡리 972-11,남해-18,1,,N,34.89210035,127.8768482,4,8,30,N,N,N,25,,N,N,N,Y,경상남도 남해군,055-860-3454,2021-04-01,5430000,경상남도 남해군,1.2,0
경상남도,남해군,남해대로,,경상남도 남해군 고현면 오곡리 972-12,남해-19,1,,N,34.89231692,127.8770667,4,6,20,N,N,Y,28,122,N,Y,N,Y,경상남도 남해군,055-860-3454,2021-04-01,5430000,경상남도 남해군,0.714285714,0
경상남도,남해군,남해대로,,경상남도 남해군 고현면 이어리 509-5,남해-20,1,,N,34.86214259,127.8948291,2,6,10,N,N,N,25,135,N,Y,N,N,경상남도 남해군,055-860-3454,2021-04-01,5430000,경상남도 남해군,0.4,0
경상남도,남해군,남해대로,,경상남도 남해군 고현면 이어리 509-5,남해-21,1,,N,34.86214259,127.8948291,2,6,18,N,N,N,25,,N,Y,N,N,경상남도 남해군,055-860-3454,2021-04-01,5430000,경상남도 남해군,0.72,0
경상남도,남해군,남해대로,,경상남도 남해군 고현면 이어리 343-4,남해-22,1,,N,34.85820293,127.8946591,4,7,13,N,N,N,25,135,N,Y,N,N,경상남도 남해군,055-860-3454,2021-04-01,5430000,경상남도 남해군,0.52,0
경상남도,남해군,남해대로,,경상남도 남해군 고현면 이어리 343-4,남해-23,1,,N,34.85820293,127.8946591,4,8,20,N,N,N,25,,N,N,N,Y,경상남도 남해군,055-860-3454,2021-04-01,5430000,경상남도 남해군,0.8,0
경상남도,남해군,남해대로,,경상남도 남해군 고현면 차면리 326-1,남해-24,1,,N,34.91734303,127.8610402,4,8,30,N,N,N,25,,N,Y,N,N,경상남도 남해군,055-860-3454,2021-04-01,5430000,경상남도 남해군,1.2,0
경상남도,남해군,남해대로,,경상남도 남해군 고현면 포상리 979-2,남해-25,1,,N,34.8968171,127.8700246,2,4,6,N,N,N,28,162,N,Y,N,Y,경상남도 남해군,055-860-3454,2021-04-01,5430000,경상남도 남해군,0.214285714,0
경상남도,남해군,남서대로,경상남도 남해군 남면 남서대로 763,경상남도 남해군 남면 당항리 1390-2,남해-26,1,,N,34.77069255,127.8921578,2,6,15,N,N,N,20,,N,Y,N,N,경상남도 남해군,055-860-3454,2021-04-01,5430000,경상남도 남해군,0.75,0
경상남도,남해군,남서대로,경상남도 남해군 남면 남서대로 763,경상남도 남해군 남면 당항리 1390-2,남해-27,1,,N,34.77069255,127.8921578,2,6,15,N,N,N,20,,N,N,N,Y,경상남도 남해군,055-860-3454,2021-04-01,5430000,경상남도 남해군,0.75,0
경상남도,남해군,남서대로,,경상남도 남해군 남면 당항리 1344-4,남해-28,1,,N,34.77079862,127.8897651,2,6,15,N,N,N,20,,N,Y,N,N,경상남도 남해군,055-860-3454,2021-04-01,5430000,경상남도 남해군,0.75,0
경상남도,남해군,남서대로,,경상남도 남해군 남면 덕월리 1055-9,남해-29,1,,N,34.78557554,127.8485839,2,8,15,N,N,N,20,,N,Y,N,N,경상남도 남해군,055-860-3454,2021-04-01,5430000,경상남도 남해군,0.75,0
경상남도,남해군,남서대로,경상남도 남해군 남면 남서대로 1202,경상남도 남해군 남면 덕월리 501-4,남해-30,1,,N,34.78257271,127.8553748,2,8,15,N,N,N,20,,N,Y,N,N,경상남도 남해군,055-860-3454,2021-04-01,5430000,경상남도 남해군,0.75,0
경상남도,남해군,남서대로,,경상남도 남해군 남면 덕월리 94-3,남해-31,1,,N,34.78189013,127.8575721,2,6,15,N,N,N,20,,N,N,N,Y,경상남도 남해군,055-860-3454,2021-04-01,5430000,경상남도 남해군,0.75,0
경상남도,남해군,고실로,,경상남도 남해군 남면 상가리 236-2,남해-32,1,,N,34.78853909,127.8701491,2,8,15,N,N,N,24,,N,N,N,N,경상남도 남해군,055-860-3454,2021-04-01,5430000,경상남도 남해군,0.625,0
경상남도,남해군,고실로,,경상남도 남해군 남면 상가리 236-2,남해-33,1,,N,34.78853909,127.8701491,2,8,15,N,N,N,24,,N,N,N,N,경상남도 남해군,055-860-3454,2021-04-01,5430000,경상남도 남해군,0.625,0
경상남도,남해군,남서대로,경상남도 남해군 남면 고실로 6,경상남도 남해군 남면 상가리 342-4,남해-34,1,,N,34.78477796,127.8683848,2,6,15,N,N,N,20,,N,Y,N,N,경상남도 남해군,055-860-3454,2021-04-01,5430000,경상남도 남해군,0.75,0
경상남도,남해군,남면로,경상남도 남해군 남면 남면로 210,경상남도 남해군 남면 석교리 267-2,남해-35,1,,N,34.75569998,127.9023135,2,6,15,N,N,N,20,,N,Y,N,N,경상남도 남해군,055-860-3454,2021-04-01,5430000,경상남도 남해군,0.75,0
경상남도,남해군,남해대로,,경상남도 남해군 고현면 대사리 689-3,남해-1,1,,N,34.89621619,127.8729689,2,4,7,N,N,N,25,165,N,Y,N,Y,경상남도 남해군,055-860-3454,2021-04-01,5430000,경상남도 남해군,0.28,0
경상남도,남해군,남해대로,,경상남도 남해군 고현면 대사리 956-2,남해-3,1,,N,34.90241646,127.8711102,4,8,35,N,N,N,25,,N,N,N,N,경상남도 남해군,055-860-3454,2021-04-01,5430000,경상남도 남해군,1.4,0
경상남도,남해군,남해대로,,경상남도 남해군 고현면 대사리 956-2,남해-2,1,,N,34.90241646,127.8711102,4,6,26,N,N,N,28,162,N,Y,N,N,경상남도 남해군,055-860-3454,2021-04-01,5430000,경상남도 남해군,0.928571429,0
