시도명,시군구명,도로명,소재지도로명주소,소재지지번주소,횡단보도관리번호,횡단보도종류,자전거횡단도겸용여부,고원식적용여부,위도,경도,차로수,횡단보도폭,횡단보도연장,보행자신호등유무,보행자작동신호기유무,음향신호기설치여부,녹색신호시간,적색신호시간,교통섬유무,보도턱낮춤여부,점자블록유무,집중조명시설유무,관리기관명,관리기관전화번호,데이터기준일자,제공기관코드,제공기관명,속도
전라남도,여수시,성산로,전라남도 여수시 대통로 90,전라남도 여수시 화장동 842-7,C0380,01,N,N,34.7762439,127.6454797,6,8,28,Y,N,N,30,120,N,Y,Y,N,전라남도 여수시청,061-659-5213,2020-10-01,4810000,전라남도 여수시,0.9333333333
전라남도,여수시,성산로,,전라남도 여수시 화장동 841-14,C0381,01,Y,N,34.7760001,127.6457001,6,8,28,Y,N,N,30,120,N,Y,Y,N,전라남도 여수시청,061-659-5213,2020-10-01,4810000,전라남도 여수시,0.9333333333
전라남도,여수시,성산로,전라남도 여수시 무선로 221,전라남도 여수시 화장동 781-1,C0384,01,N,N,34.7786453,127.6492146,6,8,28,Y,N,N,30,120,N,Y,Y,N,전라남도 여수시청,061-659-5213,2020-10-01,4810000,전라남도 여수시,0.9333333333
전라남도,여수시,성산4길,전라남도 여수시 성산로 86,전라남도 여수시 화장동 789-1,C0390,01,Y,N,34.7763255,127.6462653,6,8,28,Y,N,N,25,125,N,Y,Y,N,전라남도 여수시청,061-659-5213,2020-10-01,4810000,전라남도 여수시,1.12
전라남도,여수시,예울마루로,,전라남도 여수시 웅천동 1684,C0391,04,Y,N,34.7450001,127.6745001,7,8,30,Y,N,N,30,130,Y,Y,Y,N,전라남도 여수시청,061-659-5213,2020-10-01,4810000,전라남도 여수시,1
전라남도,여수시,예울마루로,전라남도 여수시 예울마루로 35-23,전라남도 여수시 웅천동 1698-1,C0393,04,Y,N,34.74683585,127.6717238,9,8,30,Y,N,N,30,130,N,Y,Y,N,전라남도 여수시청,061-659-5213,2020-10-01,4810000,전라남도 여수시,1
전라남도,여수시,웅천중앙로,,전라남도 여수시 웅천동 1686,C0398,01,N,Y,34.7490001,127.671001,4,6,12,Y,N,Y,23,77,N,Y,Y,N,전라남도 여수시청,061-659-5213,2020-10-01,4810000,전라남도 여수시,0.5217391304
전라남도,여수시,웅천중앙로,전라남도 여수시 웅천중앙로 56,전라남도 여수시 웅천동 1685-2,C0399,01,N,N,34.7489313,127.6733841,4,6,12,Y,N,Y,23,77,N,Y,Y,N,전라남도 여수시청,061-659-5213,2020-10-01,4810000,전라남도 여수시,0.5217391304
전라남도,여수시,웅천중앙로,,전라남도 여수시 웅천동 1673,C0400,01,N,N,34.7490001,127.6738001,4,6,12,Y,N,Y,23,77,N,Y,Y,N,전라남도 여수시청,061-659-5213,2020-10-01,4810000,전라남도 여수시,0.5217391304
전라남도,여수시,웅천중앙로,,전라남도 여수시 웅천동 1678-8,C0401,01,N,N,34.7470001,127.6762001,4,6,12,N,N,Y,23,137,N,Y,Y,N,전라남도 여수시청,061-659-5213,2020-10-01,4810000,전라남도 여수시,0.5217391304
전라남도,여수시,웅천로,,전라남도 여수시 웅천동 1739,C0402,04,Y,N,34.7490001,127.6784001,8,8,32,Y,N,N,35,125,Y,Y,Y,N,전라남도 여수시청,061-659-5213,2020-10-01,4810000,전라남도 여수시,0.9142857143
전라남도,여수시,웅천로,,전라남도 여수시 웅천동 1665-7,C0403,01,N,N,34.7480001,127.6763001,8,8,25,Y,N,Y,35,125,N,Y,Y,N,전라남도 여수시청,061-659-5213,2020-10-01,4810000,전라남도 여수시,0.7142857143
전라남도,여수시,웅천로,,전라남도 여수시 웅천동 1678-8,C0404,01,N,N,34.7470001,127.6759001,8,8,25,Y,N,Y,35,125,N,Y,Y,Y,전라남도 여수시청,061-659-5213,2020-10-01,4810000,전라남도 여수시,0.7142857143
전라남도,여수시,웅천로,,전라남도 여수시 웅천동 1684,C0405,01,Y,N,34.7460001,127.6747001,8,8,28,Y,N,Y,35,125,N,Y,Y,N,전라남도 여수시청,061-659-5213,2020-10-01,4810000,전라남도 여수시,0.8
전라남도,여수시,웅천로,,전라남도 여수시 웅천동 1702-1,C0406,01,Y,N,34.7450001,127.6749001,8,8,28,Y,N,Y,35,125,N,Y,Y,N,전라남도 여수시청,061-659-5213,2020-10-01,4810000,전라남도 여수시,0.8
전라남도,여수시,웅천로,,전라남도 여수시 웅천동 1701,C0407,01,Y,N,34.7450001,127.6741001,7,8,25,Y,N,Y,35,125,N,Y,Y,N,전라남도 여수시청,061-659-5213,2020-10-01,4810000,전라남도 여수시,0.7142857143
전라남도,여수시,대통로,,전라남도 여수시 화장동 850-1,C0351,01,N,N,34.7760001,127.6429001,4,6,12,Y,N,N,20,130,N,Y,Y,N,전라남도 여수시청,061-659-5213,2020-10-01,4810000,전라남도 여수시,0.6
전라남도,여수시,대통로,전라남도 여수시 대통로 62,전라남도 여수시 화장동 846-1,C0352,01,N,N,34.77671412,127.6435393,4,6,12,Y,N,N,20,130,N,Y,Y,N,전라남도 여수시청,061-659-5213,2020-10-01,4810000,전라남도 여수시,0.6
전라남도,여수시,대통로,,전라남도 여수시 화장동 841-14,C0355,01,Y,N,34.7760001,127.6456001,4,6,12,Y,N,N,20,130,N,Y,Y,N,전라남도 여수시청,061-659-5213,2020-10-01,4810000,전라남도 여수시,0.6
전라남도,여수시,대통2길,,전라남도 여수시 화장동 875-7,C0358,01,N,N,34.7750001,127.6397001,2,3,10,N,N,N,15,135,N,Y,Y,N,전라남도 여수시청,061-659-5213,2020-10-01,4810000,전라남도 여수시,0.6666666667
전라남도,여수시,대통2길,전라남도 여수시 대통로 54,전라남도 여수시 화장동 861-8,C0361,01,N,N,34.7761736,127.6427271,2,3,10,N,N,N,15,135,N,Y,Y,N,전라남도 여수시청,061-659-5213,2020-10-01,4810000,전라남도 여수시,0.6666666667
전라남도,여수시,대통2길,전라남도 여수시 성산로 53,전라남도 여수시 화장동 856-7,C0362,01,N,N,34.7750367,127.6432639,2,3,10,N,N,N,15,135,N,Y,Y,N,전라남도 여수시청,061-659-5213,2020-10-01,4810000,전라남도 여수시,0.6666666667
전라남도,여수시,성산로,전라남도 여수시 성산로 2,전라남도 여수시 화장동 883-1,C0375,01,N,N,34.7729358,127.6385911,6,8,28,Y,N,N,30,120,N,Y,Y,N,전라남도 여수시청,061-659-5213,2020-10-01,4810000,전라남도 여수시,0.9333333333
전라남도,여수시,성산로,전라남도 여수시 성산로 24,전라남도 여수시 화장동 885-7,C0376,01,N,N,34.7735935,127.6405662,6,8,28,Y,N,N,30,120,N,Y,Y,N,전라남도 여수시청,061-659-5213,2020-10-01,4810000,전라남도 여수시,0.9333333333
전라남도,여수시,성산로,전라남도 여수시 성산로 30,전라남도 여수시 화장동 762-2,C0377,01,N,N,34.7737345,127.6409988,6,8,28,Y,N,N,30,120,N,Y,Y,N,전라남도 여수시청,061-659-5213,2020-10-01,4810000,전라남도 여수시,0.9333333333
전라남도,여수시,성산로,전라남도 여수시 성산로 54,전라남도 여수시 화장동 761-10,C0378,01,N,N,34.7745875,127.6435231,6,8,28,Y,N,N,30,120,N,Y,Y,N,전라남도 여수시청,061-659-5213,2020-10-01,4810000,전라남도 여수시,0.9333333333
전라남도,여수시,성산로,전라남도 여수시 성산로 55,전라남도 여수시 화장동 855-16,C0379,01,N,N,34.77510117,127.6436326,6,8,28,Y,N,N,30,120,N,Y,Y,N,전라남도 여수시청,061-659-5213,2020-10-01,4810000,전라남도 여수시,0.9333333333
전라남도,여수시,상암로,전라남도 여수시 상암로 593,전라남도 여수시 상암동 2017-7,C0323,01,N,N,34.8234221,127.7304848,4,6,15,Y,N,Y,25,105,Y,Y,Y,N,전라남도 여수시청,061-659-5213,2020-10-01,4810000,전라남도 여수시,0.6
전라남도,여수시,상암로,전라남도 여수시 상암로 627,전라남도 여수시 상암동 1702-4,C0325,01,N,N,34.82549012,127.7331506,4,8,17,Y,N,Y,25,105,Y,Y,Y,N,전라남도 여수시청,061-659-5213,2020-10-01,4810000,전라남도 여수시,0.68
전라남도,여수시,상암로,전라남도 여수시 상암로 646,전라남도 여수시 상암동 515-1,C0327,01,N,N,34.82730896,127.7340579,4,6,15,Y,N,Y,25,105,Y,Y,Y,N,전라남도 여수시청,061-659-5213,2020-10-01,4810000,전라남도 여수시,0.6
전라남도,여수시,상암로,,전라남도 여수시 상암동 1346,C0328,01,N,N,34.693003,127.657536,5,6,19,Y,N,Y,25,105,Y,Y,Y,N,전라남도 여수시청,061-659-5213,2020-10-01,4810000,전라남도 여수시,0.76
전라남도,여수시,상암로,전라남도 여수시 상암로 713,전라남도 여수시 상암동 1377,C0329,01,N,N,34.83185494,127.736884,5,8,17,Y,N,N,25,105,Y,Y,Y,N,전라남도 여수시청,061-659-5213,2020-10-01,4810000,전라남도 여수시,0.68
전라남도,여수시,상암로,,전라남도 여수시 상암동 1249-1,C0330,01,N,N,34.693003,127.657536,7,8,26,Y,N,N,30,100,Y,Y,Y,N,전라남도 여수시청,061-659-5213,2020-10-01,4810000,전라남도 여수시,0.8666666667
전라남도,여수시,상암로,,전라남도 여수시 상암동 1242-1,C0331,01,N,N,34.693003,127.657536,7,8,26,Y,N,N,30,100,Y,Y,Y,N,전라남도 여수시청,061-659-5213,2020-10-01,4810000,전라남도 여수시,0.8666666667
전라남도,여수시,상암로,,전라남도 여수시 상암동 837-1,C0332,01,N,N,34.693003,127.657536,7,8,26,Y,N,N,30,100,Y,Y,Y,N,전라남도 여수시청,061-659-5213,2020-10-01,4810000,전라남도 여수시,0.8666666667
전라남도,여수시,상암로,전라남도 여수시 상암로 837,전라남도 여수시 낙포동 산 377-6,C0333,01,N,N,34.8405769,127.7445333,5,6,21,Y,N,N,25,105,Y,Y,Y,N,전라남도 여수시청,061-659-5213,2020-10-01,4810000,전라남도 여수시,0.84
전라남도,여수시,여수산단로,,전라남도 여수시 봉계동 819-14,C0334,01,N,N,34.693003,127.657536,8,6,27,Y,N,N,25,165,Y,Y,Y,Y,전라남도 여수시청,061-659-5213,2020-10-01,4810000,전라남도 여수시,1.08
전라남도,여수시,여수산단로,전라남도 여수시 여수산단로 47-1,전라남도 여수시 주삼동 243-3,C0335,01,N,N,34.7885716,127.6635757,8,6,27,Y,N,N,35,155,Y,Y,Y,Y,전라남도 여수시청,061-659-5213,2020-10-01,4810000,전라남도 여수시,0.7714285714
전라남도,여수시,여수산단로,전라남도 여수시 삼동로 104,전라남도 여수시 주삼동 556-2,C0337,04,N,N,34.79915334,127.661595,8,6,32,Y,N,N,35,175,Y,Y,Y,Y,전라남도 여수시청,061-659-5213,2020-10-01,4810000,전라남도 여수시,0.9142857143
전라남도,여수시,여수산단로,,전라남도 여수시 월하동 587-4,C0338,01,N,N,34.693003,127.657536,9,6,32,Y,N,N,35,175,Y,Y,Y,Y,전라남도 여수시청,061-659-5213,2020-10-01,4810000,전라남도 여수시,0.9142857143
전라남도,여수시,여수산단로,,전라남도 여수시 월하동 745-2,C0339,01,N,N,34.693003,127.657536,4,6,14,Y,N,N,28,152,Y,Y,Y,N,전라남도 여수시청,061-659-5213,2020-10-01,4810000,전라남도 여수시,0.5
전라남도,여수시,여수산단로,,전라남도 여수시 평여동 205-11,C0340,01,N,N,34.693003,127.657536,7,6,32,Y,N,N,28,152,Y,Y,Y,N,전라남도 여수시청,061-659-5213,2020-10-01,4810000,전라남도 여수시,1.142857143
전라남도,여수시,여수산단로,전라남도 여수시 여수산단로 562,전라남도 여수시 중흥동 1773,C0341,01,N,N,34.82792167,127.6833609,6,6,23,Y,N,N,25,155,Y,Y,Y,N,전라남도 여수시청,061-659-5213,2020-10-01,4810000,전라남도 여수시,0.92
전라남도,여수시,여수산단로,전라남도 여수시 여수산단로 718,전라남도 여수시 중흥동 1704,C0343,01,N,N,34.83832908,127.6946434,4,6,15,Y,N,N,19,161,Y,Y,Y,N,전라남도 여수시청,061-659-5213,2020-10-01,4810000,전라남도 여수시,0.7894736842
전라남도,여수시,여수산단로,전라남도 여수시 여수산단로 740,전라남도 여수시 중흥동 1698-1,C0344,01,N,N,34.84003505,127.6956664,4,6,15,Y,N,N,19,161,Y,Y,Y,N,전라남도 여수시청,061-659-5213,2020-10-01,4810000,전라남도 여수시,0.7894736842
전라남도,여수시,여수산단로,,전라남도 여수시 적량동 1243-4,C0346,04,N,N,34.693003,127.657536,5,6,20,Y,N,N,25,105,N,Y,Y,N,전라남도 여수시청,061-659-5213,2020-10-01,4810000,전라남도 여수시,0.8
전라남도,여수시,덕양로,전라남도 여수시 덕양로 176,,C0347,01,N,N,34.7744701,127.637623,4,6,12,Y,N,N,20,130,N,Y,Y,N,전라남도 여수시청,061-659-5213,2020-10-01,4810000,전라남도 여수시,0.6
전라남도,여수시,대통로,전라남도 여수시 대통로 26,전라남도 여수시 화장동 865-1,C0348,01,N,Y,34.7752834,127.6401399,4,6,12,Y,N,N,20,130,N,Y,Y,Y,전라남도 여수시청,061-659-5213,2020-10-01,4810000,전라남도 여수시,0.6
전라남도,여수시,대통로,전라남도 여수시 대통로 42-1,전라남도 여수시 화장동 861-2,C0349,01,N,N,34.7758408,127.6417752,4,6,12,Y,N,N,20,130,N,Y,Y,N,전라남도 여수시청,061-659-5213,2020-10-01,4810000,전라남도 여수시,0.6
전라남도,여수시,대통로,전라남도 여수시 대통로 54,전라남도 여수시 화장동 861-8,C0350,01,N,N,34.7761736,127.6427271,4,6,12,Y,N,N,20,130,N,Y,Y,N,전라남도 여수시청,061-659-5213,2020-10-01,4810000,전라남도 여수시,0.6
전라남도,여수시,상암로,전라남도 여수시 상암로 1,전라남도 여수시 봉계동 33-8,C0312,04,N,N,34.7836424,127.6947538,6,6,28,Y,N,N,30,160,Y,Y,Y,Y,전라남도 여수시청,061-659-5213,2020-10-01,4810000,전라남도 여수시,0.9333333333
전라남도,여수시,상암로,,전라남도 여수시 둔덕동 산 20-6,C0313,01,N,N,34.693003,127.657536,5,6,19,Y,N,N,30,160,Y,Y,Y,N,전라남도 여수시청,061-659-5213,2020-10-01,4810000,전라남도 여수시,0.6333333333
전라남도,여수시,상암로,,전라남도 여수시 둔덕동 산 19-1,C0314,01,N,N,34.693003,127.657536,4,6,15,Y,Y,N,30,,Y,Y,Y,N,전라남도 여수시청,061-659-5213,2020-10-01,4810000,전라남도 여수시,0.5
전라남도,여수시,상암로,,전라남도 여수시 둔덕동 56-34,C0315,01,N,N,34.693003,127.657536,4,6,15,Y,N,N,25,95,Y,Y,Y,N,전라남도 여수시청,061-659-5213,2020-10-01,4810000,전라남도 여수시,0.6
전라남도,여수시,상암로,,전라남도 여수시 호명동 1849-2,C0317,01,N,N,34.792907,127.713415,4,6,17,Y,N,N,25,95,Y,Y,Y,Y,전라남도 여수시청,061-659-5213,2020-10-01,4810000,전라남도 여수시,0.68
전라남도,여수시,상암로,전라남도 여수시 상암로 256,전라남도 여수시 호명동 1471,C0318,01,N,N,34.79743423,127.7160877,4,6,17,Y,N,N,25,95,Y,Y,Y,N,전라남도 여수시청,061-659-5213,2020-10-01,4810000,전라남도 여수시,0.68
전라남도,여수시,상암로,,전라남도 여수시 호명동 산 113-6,C0319,01,N,N,34.693003,127.657536,5,6,17,Y,N,N,25,95,Y,Y,Y,N,전라남도 여수시청,061-659-5213,2020-10-01,4810000,전라남도 여수시,0.68
전라남도,여수시,상암로,,전라남도 여수시 호명동 1076,C0320,04,N,N,34.693003,127.657536,5,6,21,Y,N,N,25,95,Y,Y,Y,N,전라남도 여수시청,061-659-5213,2020-10-01,4810000,전라남도 여수시,0.84
전라남도,여수시,상암로,,전라남도 여수시 호명동 511-6,C0321,01,N,N,34.693003,127.657536,4,6,15,Y,N,N,25,95,Y,Y,Y,N,전라남도 여수시청,061-659-5213,2020-10-01,4810000,전라남도 여수시,0.6
전라남도,여수시,상암로,,전라남도 여수시 호명동 693-3,C0322,01,N,N,34.693003,127.657536,4,6,15,Y,N,N,25,95,Y,Y,Y,N,전라남도 여수시청,061-659-5213,2020-10-01,4810000,전라남도 여수시,0.6
전라남도,여수시,웅천로,,전라남도 여수시 웅천동 1889-3,C0414,04,Y,N,34.7390001,127.6822001,9,8,38,Y,N,N,35,125,N,Y,Y,N,전라남도 여수시청,061-659-5213,2020-10-01,4810000,전라남도 여수시,1.085714286
전라남도,여수시,웅천로,전라남도 여수시 웅천로 190,전라남도 여수시 웅천동 1853,C0415,01,Y,N,34.73981266,127.6832985,4,8,14,Y,N,N,25,135,N,Y,Y,N,전라남도 여수시청,061-659-5213,2020-10-01,4810000,전라남도 여수시,0.56
전라남도,여수시,웅천로,전라남도 여수시 웅천로 261,전라남도 여수시 웅천동 1846,C0418,01,Y,N,34.74488333,127.6869309,4,8,12,Y,N,N,25,135,N,Y,Y,N,전라남도 여수시청,061-659-5213,2020-10-01,4810000,전라남도 여수시,0.48
전라남도,여수시,웅천로,전라남도 여수시 웅천로 291,전라남도 여수시 웅천동 1831,C0419,01,Y,N,34.74656704,127.6850272,4,8,12,Y,N,N,25,135,N,Y,Y,N,전라남도 여수시청,061-659-5213,2020-10-01,4810000,전라남도 여수시,0.48
전라남도,여수시,웅천로,,전라남도 여수시 웅천동 1864-3,C0421,01,N,N,34.7470001,127.6846001,4,8,12,Y,N,N,25,55,N,Y,Y,Y,전라남도 여수시청,061-659-5213,2020-10-01,4810000,전라남도 여수시,0.48
전라남도,여수시,웅천로,,전라남도 여수시 웅천동 1826,C0422,01,N,N,34.7470001,127.6846001,4,8,12,Y,N,N,25,55,N,Y,Y,N,전라남도 여수시청,061-659-5213,2020-10-01,4810000,전라남도 여수시,0.48
전라남도,여수시,웅천로,,전라남도 여수시 웅천동 1828-3,C0423,01,N,N,34.7480001,127.6835001,4,8,12,Y,N,N,25,55,N,Y,Y,Y,전라남도 여수시청,061-659-5213,2020-10-01,4810000,전라남도 여수시,0.48
전라남도,여수시,웅천로,전라남도 여수시 웅천로 331,전라남도 여수시 웅천동 1783-1,C0424,01,N,N,34.74895803,127.6823735,4,8,12,Y,N,N,25,55,N,Y,Y,Y,전라남도 여수시청,061-659-5213,2020-10-01,4810000,전라남도 여수시,0.48
전라남도,여수시,웅천로,,전라남도 여수시 웅천동 1809-4,C0425,01,N,N,34.7490001,127.682001,4,8,12,Y,N,N,25,55,N,Y,Y,Y,전라남도 여수시청,061-659-5213,2020-10-01,4810000,전라남도 여수시,0.48
전라남도,여수시,웅천로,,전라남도 여수시 웅천동 1806-1,C0430,01,Y,N,34.7490001,127.6791001,5,8,16,Y,N,N,35,125,N,Y,Y, ,전라남도 여수시청,061-659-5213,2020-10-01,4810000,전라남도 여수시,0.4571428571
전라남도,여수시,오동도로,전라남도 여수시 오동도로 2,전라남도 여수시 공화동 737-3,C0301,01,N,N,34.7461832,127.7434156,4,6,15,Y,N,Y,26,114,Y,Y,Y,N,전라남도 여수시청,061-659-5213,2020-10-01,4810000,전라남도 여수시,0.5769230769
전라남도,여수시,오동도로,,전라남도 여수시 수정동 644-3,C0305,01,N,N,34.693003,127.657536,4,8,12,Y,N,Y,26,114,Y,Y,Y,N,전라남도 여수시청,061-659-5213,2020-10-01,4810000,전라남도 여수시,0.4615384615
전라남도,여수시,오동도로,전라남도 여수시 오동도로 57,전라남도 여수시 수정동 637,C0306,01,N,N,34.7437518,127.748581,4,6,12,Y,N,Y,19,101,Y,Y,Y,Y,전라남도 여수시청,061-659-5213,2020-10-01,4810000,전라남도 여수시,0.6315789474
전라남도,여수시,여서2로,전라남도 여수시 여서1로 31-1,전라남도 여수시 여서동 452-3,C0271,01,N,N,34.7511788,127.7016735,3,6,12,Y,N,N,16,124,Y,Y,Y,N,전라남도 여수시청,061-659-5213,2020-10-01,4810000,전라남도 여수시,0.75
전라남도,여수시,여서3로,전라남도 여수시 여서1로 37,전라남도 여수시 여서동 209-5,C0272,01,N,N,34.7516008,127.7020741,3,6,9,Y,N,N,16,124,Y,Y,Y,N,전라남도 여수시청,061-659-5213,2020-10-01,4810000,전라남도 여수시,0.5625
전라남도,여수시,여서5로,전라남도 여수시 여서1로 65,전라남도 여수시 여서동 216,C0274,01,N,N,34.7532436,127.7047878,3,6,9,Y,N,Y,25,115,Y,Y,Y,N,전라남도 여수시청,061-659-5213,2020-10-01,4810000,전라남도 여수시,0.36
전라남도,여수시,여서10로,,전라남도 여수시 여서동 224-11,C0279,01,N,N,34.693003,127.657536,4,6,12,Y,N,N,23,117,Y,Y,Y,N,전라남도 여수시청,061-659-5213,2020-10-01,4810000,전라남도 여수시,0.5217391304
전라남도,여수시,여서3로,전라남도 여수시 여서2로 25,전라남도 여수시 여서동 239-7,C0281,01,N,N,34.7513671,127.7053613,2,6,7,Y,N,N,19,121,Y,Y,Y,N,전라남도 여수시청,061-659-5213,2020-10-01,4810000,전라남도 여수시,0.3684210526
전라남도,여수시,여문1로,전라남도 여수시 여서2로 20,전라남도 여수시 여서동 373,C0284,01,N,N,34.7498688,127.7054066,4,6,12,Y,N,N,20,140,Y,Y,Y,N,전라남도 여수시청,061-659-5213,2020-10-01,4810000,전라남도 여수시,0.6
전라남도,여수시,여문2로,전라남도 여수시 여문1로 27,전라남도 여수시 여서동 372,C0285,01,N,N,34.7512063,127.7055989,4,6,12,Y,N,N,19,121,Y,Y,Y,N,전라남도 여수시청,061-659-5213,2020-10-01,4810000,전라남도 여수시,0.6315789474
전라남도,여수시,여문3로,전라남도 여수시 여서2로 25,전라남도 여수시 여서동 239-7,C0286,01,N,N,34.7513671,127.7053613,4,6,12,Y,N,N,19,121,Y,Y,Y,N,전라남도 여수시청,061-659-5213,2020-10-01,4810000,전라남도 여수시,0.6315789474
전라남도,여수시,여문4로,전라남도 여수시 여서1로 62,전라남도 여수시 여서동 228-6,C0287,01,N,N,34.7525513,127.7044483,6,6,19,Y,N,Y,25,115,Y,Y,Y,N,전라남도 여수시청,061-659-5213,2020-10-01,4810000,전라남도 여수시,0.76
전라남도,여수시,여문5로,전라남도 여수시 여문1로 49,전라남도 여수시 여서동 213-6,C0288,01,N,N,34.75286494,127.7041783,6,8,19,Y,N,Y,25,115,Y,Y,Y,N,전라남도 여수시청,061-659-5213,2020-10-01,4810000,전라남도 여수시,0.76
전라남도,여수시,여문6로,전라남도 여수시 여문1로 60,전라남도 여수시 문수동 119-5,C0289,01,N,N,34.7538358,127.7040342,6,8,19,Y,N,N,25,115,Y,Y,Y,N,전라남도 여수시청,061-659-5213,2020-10-01,4810000,전라남도 여수시,0.76
전라남도,여수시,여문7로,전라남도 여수시 문수로 79,전라남도 여수시 문수동 118,C0290,01,N,N,34.7542066,127.7037576,6,8,19,Y,N,N,25,115,Y,Y,Y,N,전라남도 여수시청,061-659-5213,2020-10-01,4810000,전라남도 여수시,0.76
전라남도,여수시,하멜로,전라남도 여수시 하멜로 38-1,전라남도 여수시 고소동 1-2,C0293,01,N,N,34.7401429,127.7441717,4,8,12,Y,N,N,25,95,Y,Y,Y,N,전라남도 여수시청,061-659-5213,2020-10-01,4810000,전라남도 여수시,0.48
전라남도,여수시,하멜로,전라남도 여수시 하멜로 43,전라남도 여수시 종화동 1029,C0294,01,N,N,34.74026017,127.7450533,4,8,12,Y,N,N,25,95,Y,Y,Y,Y,전라남도 여수시청,061-659-5213,2020-10-01,4810000,전라남도 여수시,0.48
전라남도,여수시,하멜로,전라남도 여수시 이순신광장로 212,전라남도 여수시 종화동 1007,C0295,01,N,N,34.7400212,127.7454766,4,6,22,Y,N,N,25,95,Y,Y,Y,N,전라남도 여수시청,061-659-5213,2020-10-01,4810000,전라남도 여수시,0.88
전라남도,여수시,여서로,,전라남도 여수시 문수동 886-8,C0242,01,N,N,34.693003,127.657536,4,8,17,Y,N,Y,25,165,Y,Y,Y,Y,전라남도 여수시청,061-659-5213,2020-10-01,4810000,전라남도 여수시,0.68
전라남도,여수시,여서로,전라남도 여수시 여서로 176,전라남도 여수시 여서동 496-1,C0244,01,N,N,34.74832272,127.7009116,4,8,14,Y,N,Y,23,137,Y,Y,Y,Y,전라남도 여수시청,061-659-5213,2020-10-01,4810000,전라남도 여수시,0.6086956522
전라남도,여수시,여서로,전라남도 여수시 여서로 201,전라남도 여수시 여서동 479,C0245,01,N,N,34.74899962,127.7035776,4,6,14,Y,N,N,23,137,Y,Y,Y,N,전라남도 여수시청,061-659-5213,2020-10-01,4810000,전라남도 여수시,0.6086956522
전라남도,여수시,여서로,전라남도 여수시 여문2로 197,전라남도 여수시 여서동 484,C0246,01,N,N,34.7492455,127.7045661,4,6,14,Y,N,N,19,141,Y,Y,Y,N,전라남도 여수시청,061-659-5213,2020-10-01,4810000,전라남도 여수시,0.7368421053
전라남도,여수시,여서로,전라남도 여수시 여서2로 22,전라남도 여수시 여서동 373,C0247,01,N,N,34.7509724,127.7051695,4,6,14,Y,N,N,18,142,Y,Y,Y,Y,전라남도 여수시청,061-659-5213,2020-10-01,4810000,전라남도 여수시,0.7777777778
전라남도,여수시,여서로,,전라남도 여수시 여서동 390,C0248,01,N,N,34.693003,127.657536,5,8,14,Y,N,N,19,141,Y,Y,Y,Y,전라남도 여수시청,061-659-5213,2020-10-01,4810000,전라남도 여수시,0.7368421053
전라남도,여수시,여서로,,전라남도 여수시 여서동 347-17,C0251,01,N,N,34.693003,127.657536,7,8,20,Y,N,N,23,117,Y,Y,Y,Y,전라남도 여수시청,061-659-5213,2020-10-01,4810000,전라남도 여수시,0.8695652174
전라남도,여수시,여서로,,전라남도 여수시 여서동 224-11,C0252,01,N,N,34.693003,127.657536,6,6,17,Y,N,N,23,117,Y,Y,Y,Y,전라남도 여수시청,061-659-5213,2020-10-01,4810000,전라남도 여수시,0.7391304348
전라남도,여수시,여서로,전라남도 여수시 여서1로 107,전라남도 여수시 여서동 222-2,C0253,01,N,N,34.75421469,127.7093041,6,8,17,Y,N,N,23,117,Y,Y,Y,Y,전라남도 여수시청,061-659-5213,2020-10-01,4810000,전라남도 여수시,0.7391304348
전라남도,여수시,문수로,전라남도 여수시 문수로 163,전라남도 여수시 문수동 81-1,C0255,01,N,N,34.7585311,127.7105441,6,8,19,Y,N,Y,30,190,Y,Y,Y,Y,전라남도 여수시청,061-659-5213,2020-10-01,4810000,전라남도 여수시,0.6333333333
전라남도,여수시,문수로,전라남도 여수시 문수로 153,전라남도 여수시 문수동 82-1,C0256,01,N,N,34.7578649,127.7097719,6,8,19,Y,N,N,21,199,Y,Y,Y,N,전라남도 여수시청,061-659-5213,2020-10-01,4810000,전라남도 여수시,0.9047619048
전라남도,여수시,문수로,전라남도 여수시 문수로 143-1,전라남도 여수시 문수동 82-8,C0257,01,N,N,34.75730704,127.7090695,6,8,19,Y,N,N,21,199,Y,Y,Y,N,전라남도 여수시청,061-659-5213,2020-10-01,4810000,전라남도 여수시,0.9047619048
전라남도,여수시,문수로,전라남도 여수시 문수로 117,전라남도 여수시 문수동 111-2,C0258,01,N,N,34.7557831,127.707292,5,6,12,Y,N,N,18,122,Y,Y,Y,N,전라남도 여수시청,061-659-5213,2020-10-01,4810000,전라남도 여수시,0.6666666667
전라남도,여수시,문수로,전라남도 여수시 문수로 106,전라남도 여수시 문수동 112,C0259,01,N,N,34.75482369,127.7061793,4,6,12,Y,N,N,18,122,Y,Y,Y,N,전라남도 여수시청,061-659-5213,2020-10-01,4810000,전라남도 여수시,0.6666666667
전라남도,여수시,문수로,전라남도 여수시 문수로 95,전라남도 여수시 문수동 264-76,C0260,01,N,N,34.7548796,127.7050443,2,4,12,Y,N,N,25,115,Y,Y,Y,N,전라남도 여수시청,061-659-5213,2020-10-01,4810000,전라남도 여수시,0.48
전라남도,여수시,문수로,전라남도 여수시 문수로 83-2,전라남도 여수시 문수동 118-3,C0262,01,N,N,34.7544338,127.7041511,3,2,12,Y,N,N,25,115,Y,Y,Y,N,전라남도 여수시청,061-659-5213,2020-10-01,4810000,전라남도 여수시,0.48
전라남도,여수시,문수로,전라남도 여수시 문수로 79,전라남도 여수시 문수동 118,C0263,01,N,N,34.7542066,127.7037576,3,6,12,Y,N,N,25,115,Y,Y,Y,N,전라남도 여수시청,061-659-5213,2020-10-01,4810000,전라남도 여수시,0.48
전라남도,여수시,문수로,전라남도 여수시 문수로 75,전라남도 여수시 문수동 123-6,C0264,01,N,N,34.7540152,127.7032696,3,6,12,Y,N,N,25,115,Y,Y,Y,N,전라남도 여수시청,061-659-5213,2020-10-01,4810000,전라남도 여수시,0.48
전라남도,여수시,문수로,전라남도 여수시 문수로 47,전라남도 여수시 문수동 180,C0266,01,N,N,34.75252984,127.7008899,3,6,12,Y,N,N,25,115,Y,Y,Y,N,전라남도 여수시청,061-659-5213,2020-10-01,4810000,전라남도 여수시,0.48
전라남도,여수시,문수로,전라남도 여수시 문수로 43,전라남도 여수시 문수동 187-6,C0267,01,N,N,34.7522227,127.7005917,3,6,12,Y,N,N,25,115,Y,Y,Y,N,전라남도 여수시청,061-659-5213,2020-10-01,4810000,전라남도 여수시,0.48
전라남도,여수시,문수로,전라남도 여수시 문수로 23,전라남도 여수시 문수동 192,C0268,01,N,N,34.7505465,127.6993472,3,6,12,Y,N,N,25,115,Y,Y,Y,N,전라남도 여수시청,061-659-5213,2020-10-01,4810000,전라남도 여수시,0.48
전라남도,여수시,만성로,전라남도 여수시 만성로 7,전라남도 여수시 둔덕동 485-4,C0217,04,N,N,34.76938301,127.696704,5,8,24,Y,N,N,25,195,Y,Y,Y,Y,전라남도 여수시청,061-659-5213,2020-10-01,4810000,전라남도 여수시,0.96
전라남도,여수시,만성로,전라남도 여수시 만성로 63,전라남도 여수시 미평동 709-6,C0219,01,N,N,34.7704265,127.7027383,5,6,17,Y,N,N,20,90,Y,Y,Y,Y,전라남도 여수시청,061-659-5213,2020-10-01,4810000,전라남도 여수시,0.85
전라남도,여수시,만성로,전라남도 여수시 만성로 84,전라남도 여수시 미평동 668-1,C0220,01,N,N,34.7705448,127.7050692,5,6,17,Y,N,N,19,91,Y,Y,Y,N,전라남도 여수시청,061-659-5213,2020-10-01,4810000,전라남도 여수시,0.8947368421
전라남도,여수시,만성로,전라남도 여수시 만성로 125,전라남도 여수시 미평동 134-8,C0222,01,N,N,34.77160511,127.7093972,5,6,17,Y,N,N,16,94,Y,Y,Y,N,전라남도 여수시청,061-659-5213,2020-10-01,4810000,전라남도 여수시,1.0625
전라남도,여수시,만성로,전라남도 여수시 만성로 133,전라남도 여수시 미평동 121-6,C0223,01,N,N,34.77181662,127.7102391,4,6,17,Y,N,N,19,91,Y,Y,Y,Y,전라남도 여수시청,061-659-5213,2020-10-01,4810000,전라남도 여수시,0.8947368421
전라남도,여수시,만성로,전라남도 여수시 만성로 173,전라남도 여수시 만흥동 1454-12,C0224,01,N,N,34.77367127,127.7147626,5,8,17,Y,N,N,25,95,Y,Y,Y,N,전라남도 여수시청,061-659-5213,2020-10-01,4810000,전라남도 여수시,0.68
전라남도,여수시,만성로,,전라남도 여수시 만흥동 1454-62,C0225,01,N,N,34.693003,127.657536,5,8,19,Y,N,N,25,95,Y,Y,Y,N,전라남도 여수시청,061-659-5213,2020-10-01,4810000,전라남도 여수시,0.76
전라남도,여수시,만성로,전라남도 여수시 만성로 229-1,전라남도 여수시 만흥동 1446-1,C0226,01,Y,N,34.77545875,127.7193802,5,6,19,Y,N,N,25,95,Y,Y,Y,Y,전라남도 여수시청,061-659-5213,2020-10-01,4810000,전라남도 여수시,0.76
전라남도,여수시,만성로,,전라남도 여수시 만흥동 1191-4,C0227,01,Y,N,34.693003,127.657536,5,6,19,Y,N,N,25,95,Y,Y,Y,Y,전라남도 여수시청,061-659-5213,2020-10-01,4810000,전라남도 여수시,0.76
전라남도,여수시,만성로,,전라남도 여수시 만흥동 949-5,C0229,01,Y,N,34.693003,127.657536,6,6,24,Y,N,N,25,95,Y,Y,Y,Y,전라남도 여수시청,061-659-5213,2020-10-01,4810000,전라남도 여수시,0.96
전라남도,여수시,만성로,,전라남도 여수시 만흥동 1014-6,C0230,01,Y,N,34.693003,127.657536,5,6,19,Y,N,N,25,95,Y,Y,Y,Y,전라남도 여수시청,061-659-5213,2020-10-01,4810000,전라남도 여수시,0.76
전라남도,여수시,만성로,,전라남도 여수시 만흥동 776-2,C0232,01,Y,N,34.693003,127.657536,5,6,19,Y,N,N,25,95,Y,Y,Y,Y,전라남도 여수시청,061-659-5213,2020-10-01,4810000,전라남도 여수시,0.76
전라남도,여수시,여서로,,전라남도 여수시 웅천동 1216-2,C0234,04,Y,N,34.693003,127.657536,5,8,16,Y,N,N,25,165,Y,Y,Y,Y,전라남도 여수시청,061-659-5213,2020-10-01,4810000,전라남도 여수시,0.64
전라남도,여수시,여서로,,전라남도 여수시 웅천동 1224-3,C0235,01,Y,N,34.693003,127.657536,9,8,29,Y,N,N,35,155,Y,Y,Y,Y,전라남도 여수시청,061-659-5213,2020-10-01,4810000,전라남도 여수시,0.8285714286
전라남도,여수시,여서로,,전라남도 여수시 웅천동 1225-3,C0236,01,Y,N,34.693003,127.657536,9,8,29,Y,N,N,35,155,Y,Y,Y,Y,전라남도 여수시청,061-659-5213,2020-10-01,4810000,전라남도 여수시,0.8285714286
전라남도,여수시,여서로,,전라남도 여수시 웅천동 167,C0238,01,Y,N,34.693003,127.657536,9,8,29,Y,N,N,35,155,Y,Y,Y,Y,전라남도 여수시청,061-659-5213,2020-10-01,4810000,전라남도 여수시,0.8285714286
전라남도,여수시,여서로,전라남도 여수시 여문2로 11,전라남도 여수시 문수동 797-6,C0239,01,N,N,34.74894638,127.6927394,6,6,17,Y,N,Y,25,165,Y,Y,Y,Y,전라남도 여수시청,061-659-5213,2020-10-01,4810000,전라남도 여수시,0.68
전라남도,여수시,여서로,,전라남도 여수시 문수동 718-9,C0240,01,N,N,34.693003,127.657536,4,8,17,Y,N,Y,25,165,Y,Y,Y,Y,전라남도 여수시청,061-659-5213,2020-10-01,4810000,전라남도 여수시,0.68
전라남도,여수시,충민로,전라남도 여수시 충민로 193,전라남도 여수시 덕충동 1177-5,C0200,01,N,N,34.7529884,127.7382826,4,6,16,Y,N,Y,25,115,N,Y,Y,Y,전라남도 여수시청,061-659-5213,2020-10-01,4810000,전라남도 여수시,0.64
전라남도,여수시,충민로,전라남도 여수시 충민로 231,전라남도 여수시 공화동 1483-22,C0202,01,N,N,34.7495995,127.7398531,4,6,12,Y,Y,N,16,124,N,Y,Y,N,전라남도 여수시청,061-659-5213,2020-10-01,4810000,전라남도 여수시,0.75
전라남도,여수시,충민로,전라남도 여수시 충민로 271,전라남도 여수시 공화동 1295-1,C0203,01,N,N,34.74703818,127.7424468,4,6,12,Y,N,Y,26,114,N,Y,Y,Y,전라남도 여수시청,061-659-5213,2020-10-01,4810000,전라남도 여수시,0.4615384615
전라남도,여수시,충민로,전라남도 여수시 충민로 279,전라남도 여수시 공화동 1269,C0204,01,N,N,34.74670359,127.7431845,4,6,12,Y,N,Y,26,114,N,Y,Y,N,전라남도 여수시청,061-659-5213,2020-10-01,4810000,전라남도 여수시,0.4615384615
전라남도,여수시,동문로,전라남도 여수시 동문로 6-2,전라남도 여수시 중앙동 468,C0205,01,N,N,34.7406119,127.7366649,5,8,19,Y,N,Y,25,45,N,Y,Y,N,전라남도 여수시청,061-659-5213,2020-10-01,4810000,전라남도 여수시,0.76
전라남도,여수시,동문로,전라남도 여수시 동문로 34-4,전라남도 여수시 고소동 647,C0206,01,N,N,34.74110197,127.7388859,5,6,19,Y,N,N,25,115,N,Y,Y,N,전라남도 여수시청,061-659-5213,2020-10-01,4810000,전라남도 여수시,0.76
전라남도,여수시,동문로,전라남도 여수시 동문로 44,전라남도 여수시 고소동 370-1,C0207,01,N,N,34.7410466,127.7400606,5,6,19,Y,N,Y,22,118,N,Y,Y,N,전라남도 여수시청,061-659-5213,2020-10-01,4810000,전라남도 여수시,0.8636363636
전라남도,여수시,동문로,전라남도 여수시 동문로 55-1,전라남도 여수시 관문동 419,C0208,01,N,N,34.7419623,127.7403984,6,6,19,Y,N,Y,25,115,N,Y,Y,Y,전라남도 여수시청,061-659-5213,2020-10-01,4810000,전라남도 여수시,0.76
전라남도,여수시,동문로,전라남도 여수시 동문로 68,전라남도 여수시 관문동 673-1,C0209,01,N,N,34.7429508,127.7410565,6,6,19,Y,N,Y,25,115,N,Y,Y,Y,전라남도 여수시청,061-659-5213,2020-10-01,4810000,전라남도 여수시,0.76
전라남도,여수시,동문로,전라남도 여수시 동문로 90,전라남도 여수시 공화동 1059,C0211,01,N,N,34.7446053,127.7420529,6,6,19,Y,N,Y,25,115,N,Y,Y,Y,전라남도 여수시청,061-659-5213,2020-10-01,4810000,전라남도 여수시,0.76
전라남도,여수시,동문로,전라남도 여수시 동문로 108,전라남도 여수시 공화동 1260,C0213,01,N,N,34.7459257,127.7431792,6,6,19,Y,N,Y,25,115,N,Y,Y,Y,전라남도 여수시청,061-659-5213,2020-10-01,4810000,전라남도 여수시,0.76
전라남도,여수시,동문로,전라남도 여수시 동문로 114,전라남도 여수시 공화동 734-2,C0214,01,N,N,34.7464567,127.7436461,6,6,17,Y,N,Y,23,117,N,Y,Y,N,전라남도 여수시청,061-659-5213,2020-10-01,4810000,전라남도 여수시,0.7391304348
전라남도,여수시,동문로,전라남도 여수시 동문로 139,전라남도 여수시 공화동 343-1,C0216,01,N,N,34.74841227,127.7447184,3,4,7,Y,N,N,23,117,N,Y,Y,N,전라남도 여수시청,061-659-5213,2020-10-01,4810000,전라남도 여수시,0.3043478261
전라남도,여수시,좌수영로,,전라남도 여수시 광무동 42-3,C0172,04,N,N,34.693003,127.657536,7,6,28,Y,N,N,28,152,N,Y,Y,Y,전라남도 여수시청,061-659-5213,2020-10-01,4810000,전라남도 여수시,1
전라남도,여수시,좌수영로,전라남도 여수시 좌수영로 63,전라남도 여수시 광무동 82-1,C0173,01,N,N,34.74611098,127.7283929,9,6,25,Y,N,Y,28,152,N,Y,Y,Y,전라남도 여수시청,061-659-5213,2020-10-01,4810000,전라남도 여수시,0.8928571429
전라남도,여수시,좌수영로,전라남도 여수시 좌수영로 49,전라남도 여수시 광무동 190-2,C0174,01,N,N,34.74511953,127.7281943,8,6,25,Y,N,Y,29,151,N,Y,Y,Y,전라남도 여수시청,061-659-5213,2020-10-01,4810000,전라남도 여수시,0.8620689655
전라남도,여수시,좌수영로,전라남도 여수시 좌수영로 31,전라남도 여수시 광무동 300,C0175,01,N,N,34.7431763,127.7279242,9,6,25,Y,N,Y,27,153,N,Y,Y,Y,전라남도 여수시청,061-659-5213,2020-10-01,4810000,전라남도 여수시,0.9259259259
전라남도,여수시,좌수영로,전라남도 여수시 좌수영로 25,전라남도 여수시 광무동 292-1,C0176,01,N,N,34.7426484,127.7278097,8,8,25,Y,N,Y,27,153,N,Y,Y,Y,전라남도 여수시청,061-659-5213,2020-10-01,4810000,전라남도 여수시,0.9259259259
전라남도,여수시,좌수영로,전라남도 여수시 좌수영로 15,전라남도 여수시 서교동 407,C0177,01,N,N,34.7417317,127.7276961,8,6,25,Y,N,Y,27,153,N,Y,Y,Y,전라남도 여수시청,061-659-5213,2020-10-01,4810000,전라남도 여수시,0.9259259259
전라남도,여수시,중앙로,전라남도 여수시 중앙로 2,전라남도 여수시 서교동 541-2,C0178,01,N,N,34.7402143,127.7280562,6,8,20,Y,N,Y,24,156,N,Y,Y,Y,전라남도 여수시청,061-659-5213,2020-10-01,4810000,전라남도 여수시,0.8333333333
전라남도,여수시,중앙로,전라남도 여수시 중앙로 17,전라남도 여수시 충무동 614-33,C0179,01,N,N,34.7405782,127.7294631,6,8,20,Y,N,Y,24,156,N,Y,Y,Y,전라남도 여수시청,061-659-5213,2020-10-01,4810000,전라남도 여수시,0.8333333333
전라남도,여수시,중앙로,전라남도 여수시 중앙로 27,전라남도 여수시 충무동 621-16,C0180,01,N,N,34.7405159,127.7306969,6,8,20,Y,N,Y,25,155,N,Y,Y,Y,전라남도 여수시청,061-659-5213,2020-10-01,4810000,전라남도 여수시,0.8
전라남도,여수시,중앙로,전라남도 여수시 중앙로 35,전라남도 여수시 충무동 623,C0181,01,N,N,34.7404468,127.7316811,6,8,20,Y,N,Y,25,155,N,Y,Y,N,전라남도 여수시청,061-659-5213,2020-10-01,4810000,전라남도 여수시,0.8
전라남도,여수시,중앙로,전라남도 여수시 중앙로 43,전라남도 여수시 교동 400-99,C0182,01,N,N,34.7405832,127.7325948,6,6,20,Y,N,N,25,155,N,Y,Y,Y,전라남도 여수시청,061-659-5213,2020-10-01,4810000,전라남도 여수시,0.8
전라남도,여수시,중앙로,전라남도 여수시 중앙로 53,전라남도 여수시 교동 419,C0183,01,N,N,34.7403932,127.7334701,6,8,20,Y,N,N,25,155,N,Y,Y,Y,전라남도 여수시청,061-659-5213,2020-10-01,4810000,전라남도 여수시,0.8
전라남도,여수시,중앙로,전라남도 여수시 중앙로 63-1,전라남도 여수시 교동 439,C0184,01,N,N,34.7402515,127.7346905,6,6,20,Y,N,Y,25,155,N,Y,Y,Y,전라남도 여수시청,061-659-5213,2020-10-01,4810000,전라남도 여수시,0.8
전라남도,여수시,진남로,전라남도 여수시 진남로 1,전라남도 여수시 서교동 244,C0188,01,N,N,34.7431442,127.7284823,4,6,12,Y,N,N,27,153,N,Y,Y,Y,전라남도 여수시청,061-659-5213,2020-10-01,4810000,전라남도 여수시,0.4444444444
전라남도,여수시,충민로,,전라남도 여수시 연등동 산 22-11,C0196,01,N,N,34.693003,127.657536,6,6,19,Y,N,N,27,193,N,Y,Y,Y,전라남도 여수시청,061-659-5213,2020-10-01,4810000,전라남도 여수시,0.7037037037
전라남도,여수시,충민로,,전라남도 여수시 덕충동 1607-1,C0198,04,N,N,34.693003,127.657536,4,6,15,Y,N,N,16,124,N,Y,Y,Y,전라남도 여수시청,061-659-5213,2020-10-01,4810000,전라남도 여수시,0.9375
전라남도,여수시,충민로,,전라남도 여수시 덕충동 1653-11,C0199,01,N,N,34.693003,127.657536,4,6,12,Y,N,N,16,124,N,Y,Y,Y,전라남도 여수시청,061-659-5213,2020-10-01,4810000,전라남도 여수시,0.75
전라남도,여수시,덕양로,전라남도 여수시 소라면 덕양로 376,전라남도 여수시 소라면 덕양리 1075-9,C0148,01,N,N,34.79150584,127.6334682,2,6,12,Y,N,N,19,101,N,Y,Y,N,전라남도 여수시청,061-659-5213,2020-10-01,4810000,전라남도 여수시,0.6315789474
전라남도,여수시,좌수영로,,전라남도 여수시 봉계동 819-4,C0154,01,N,N,34.693003,127.657536,8,8,35,Y,N,N,32,158,N,Y,Y,Y,전라남도 여수시청,061-659-5213,2020-10-01,4810000,전라남도 여수시,1.09375
전라남도,여수시,좌수영로,전라남도 여수시 좌수영로 982,전라남도 여수시 봉계동 750,C0155,01,N,N,34.7841663,127.6633575,8,8,35,Y,N,N,31,159,N,Y,Y,Y,전라남도 여수시청,061-659-5213,2020-10-01,4810000,전라남도 여수시,1.129032258
전라남도,여수시,좌수영로,전라남도 여수시 봉계5길 5,전라남도 여수시 봉계동 731-5,C0156,01,Y,N,34.7825426,127.6683335,6,8,22,Y,N,N,25,70,N,Y,Y,N,전라남도 여수시청,061-659-5213,2020-10-01,4810000,전라남도 여수시,0.88
전라남도,여수시,좌수영로,전라남도 여수시 좌수영로 676,전라남도 여수시 봉계동 33-49,C0158,01,N,N,34.7836546,127.6945986,8,8,28,Y,N,N,36,154,N,Y,Y,Y,전라남도 여수시청,061-659-5213,2020-10-01,4810000,전라남도 여수시,0.7777777778
전라남도,여수시,좌수영로,전라남도 여수시 좌수영로 530,전라남도 여수시 둔덕동 642-1,C0159,01,N,N,34.7711447,127.6938633,4,6,16,Y,N,N,25,195,N,Y,Y,Y,전라남도 여수시청,061-659-5213,2020-10-01,4810000,전라남도 여수시,0.64
전라남도,여수시,좌수영로,전라남도 여수시 좌수영로 509,전라남도 여수시 둔덕동 436-3,C0160,01,N,N,34.76929336,127.6946098,6,6,20,Y,N,N,25,195,N,Y,Y,Y,전라남도 여수시청,061-659-5213,2020-10-01,4810000,전라남도 여수시,0.8
전라남도,여수시,좌수영로,전라남도 여수시 좌수영로 487,전라남도 여수시 둔덕동 475-9,C0161,04,N,N,34.7684235,127.6967703,6,6,32,Y,N,N,25,195,N,Y,Y,Y,전라남도 여수시청,061-659-5213,2020-10-01,4810000,전라남도 여수시,1.28
전라남도,여수시,좌수영로,전라남도 여수시 둔덕5길 4-2,전라남도 여수시 둔덕동 494-11,C0162,01,N,N,34.76780206,127.6991721,7,6,20,Y,N,Y,29,191,N,Y,Y,Y,전라남도 여수시청,061-659-5213,2020-10-01,4810000,전라남도 여수시,0.6896551724
전라남도,여수시,좌수영로,전라남도 여수시 좌수영로 438,전라남도 여수시 둔덕동 504-4,C0163,01,N,N,34.7669809,127.7019597,7,6,20,Y,N,N,29,191,N,Y,Y,Y,전라남도 여수시청,061-659-5213,2020-10-01,4810000,전라남도 여수시,0.6896551724
전라남도,여수시,좌수영로,전라남도 여수시 좌수영로 416,전라남도 여수시 미평동 573-1,C0164,01,N,N,34.76577348,127.7039572,7,6,20,Y,N,N,29,191,N,Y,Y,Y,전라남도 여수시청,061-659-5213,2020-10-01,4810000,전라남도 여수시,0.6896551724
전라남도,여수시,좌수영로,전라남도 여수시 좌수영로 348,전라남도 여수시 오림동 394-4,C0165,01,N,N,34.76130632,127.7089496,7,6,20,Y,N,N,30,190,N,Y,Y,Y,전라남도 여수시청,061-659-5213,2020-10-01,4810000,전라남도 여수시,0.6666666667
전라남도,여수시,좌수영로,전라남도 여수시 좌수영로 320,전라남도 여수시 오림동 395-6,C0166,01,N,N,34.75951599,127.7110486,7,6,26,Y,N,Y,30,190,N,Y,Y,Y,전라남도 여수시청,061-659-5213,2020-10-01,4810000,전라남도 여수시,0.8666666667
전라남도,여수시,좌수영로,전라남도 여수시 좌수영로 309,전라남도 여수시 오림동 396-4,C0167,01,N,N,34.7587188,127.7117439,7,6,22,Y,N,N,30,190,N,Y,Y,Y,전라남도 여수시청,061-659-5213,2020-10-01,4810000,전라남도 여수시,0.7333333333
전라남도,여수시,좌수영로,전라남도 여수시 좌수영로 201,전라남도 여수시 광무동 928-14,C0168,01,N,N,34.75533555,127.7225083,5,6,16,Y,N,N,22,158,N,Y,Y,N,전라남도 여수시청,061-659-5213,2020-10-01,4810000,전라남도 여수시,0.7272727273
전라남도,여수시,좌수영로,전라남도 여수시 좌수영로 148,전라남도 여수시 연등동 731-13,C0169,01,N,N,34.75356688,127.7275875,6,8,16,Y,N,N,25,155,N,Y,Y,Y,전라남도 여수시청,061-659-5213,2020-10-01,4810000,전라남도 여수시,0.64
전라남도,여수시,좌수영로,전라남도 여수시 좌수영로 113,전라남도 여수시 연등동 330-1,C0170,01,N,N,34.75051489,127.7273545,6,8,16,Y,N,Y,31,149,N,Y,Y,Y,전라남도 여수시청,061-659-5213,2020-10-01,4810000,전라남도 여수시,0.5161290323
전라남도,여수시,좌수영로,전라남도 여수시 좌수영로 94,전라남도 여수시 연등동 295-2,C0171,01,N,N,34.74873762,127.7285126,7,6,16,Y,N,Y,31,149,N,Y,Y,Y,전라남도 여수시청,061-659-5213,2020-10-01,4810000,전라남도 여수시,0.5161290323
전라남도,여수시,신월로,전라남도 여수시 신월로 778-1,전라남도 여수시 봉강동 417-1,C0119,01,N,N,34.7383402,127.7244825,6,8,18,Y,N,Y,25,155,N,Y,Y,Y,전라남도 여수시청,061-659-5213,2020-10-01,4810000,전라남도 여수시,0.72
전라남도,여수시,신월로,전라남도 여수시 신월로 790,전라남도 여수시 봉강동 340-2,C0120,01,N,N,34.7389384,127.7255344,6,6,18,Y,N,Y,25,155,N,Y,Y,Y,전라남도 여수시청,061-659-5213,2020-10-01,4810000,전라남도 여수시,0.72
전라남도,여수시,신월로,전라남도 여수시 신월로 809,전라남도 여수시 서교동 705,C0121,01,Y,N,34.7403447,127.7271089,6,6,18,Y,N,Y,24,156,N,Y,Y,Y,전라남도 여수시청,061-659-5213,2020-10-01,4810000,전라남도 여수시,0.75
전라남도,여수시,무선로,전라남도 여수시 무선로 6,전라남도 여수시 학동 61,C0122,01,N,N,34.76135237,127.6563903,6,6,18,Y,N,Y,25,165,N,Y,Y,N,전라남도 여수시청,061-659-5213,2020-10-01,4810000,전라남도 여수시,0.72
전라남도,여수시,무선로,전라남도 여수시 무선로 28,전라남도 여수시 학동 59,C0124,01,N,N,34.76336554,127.6563455,6,8,18,Y,N,N,26,164,N,Y,Y,N,전라남도 여수시청,061-659-5213,2020-10-01,4810000,전라남도 여수시,0.6923076923
전라남도,여수시,무선로,전라남도 여수시 무선로 32,전라남도 여수시 학동 58-5,C0125,01,N,N,34.76374781,127.6563324,6,6,18,Y,N,N,23,167,N,Y,Y,N,전라남도 여수시청,061-659-5213,2020-10-01,4810000,전라남도 여수시,0.7826086957
전라남도,여수시,무선로,전라남도 여수시 무선로 49,전라남도 여수시 선원동 150-46,C0126,01,N,N,34.7654737,127.6558608,6,6,18,Y,N,Y,25,165,N,Y,Y,N,전라남도 여수시청,061-659-5213,2020-10-01,4810000,전라남도 여수시,0.72
전라남도,여수시,무선로,전라남도 여수시 무선로 61,전라남도 여수시 선원동 150-53,C0127,01,N,N,34.76643593,127.6558427,6,6,22,Y,N,N,25,165,N,Y,Y,Y,전라남도 여수시청,061-659-5213,2020-10-01,4810000,전라남도 여수시,0.88
전라남도,여수시,무선로,전라남도 여수시 무선로 95,전라남도 여수시 선원동 1311-3,C0128,01,N,N,34.7690003,127.6542545,7,6,22,Y,N,N,28,162,N,Y,Y,Y,전라남도 여수시청,061-659-5213,2020-10-01,4810000,전라남도 여수시,0.7857142857
전라남도,여수시,무선로,전라남도 여수시 무선로 115,전라남도 여수시 선원동 1252-9,C0129,01,N,N,34.77120843,127.6546354,6,6,22,Y,N,N,28,162,N,Y,Y,Y,전라남도 여수시청,061-659-5213,2020-10-01,4810000,전라남도 여수시,0.7857142857
전라남도,여수시,무선로,전라남도 여수시 무선중앙로 98,전라남도 여수시 선원동 1252-1,C0130,01,N,N,34.7724291,127.6547307,7,8,22,Y,N,N,28,162,N,Y,Y,Y,전라남도 여수시청,061-659-5213,2020-10-01,4810000,전라남도 여수시,0.7857142857
전라남도,여수시,무선로,전라남도 여수시 무선로 187,전라남도 여수시 선원동 1268-9,C0132,01,N,N,34.7768534,127.6514717,6,8,22,Y,N,N,25,165,N,Y,Y,N,전라남도 여수시청,061-659-5213,2020-10-01,4810000,전라남도 여수시,0.88
전라남도,여수시,무선로,전라남도 여수시 무선로 221,전라남도 여수시 화장동 781-1,C0133,04,N,N,34.77861498,127.6492146,6,8,28,Y,N,N,25,165,N,Y,Y,Y,전라남도 여수시청,061-659-5213,2020-10-01,4810000,전라남도 여수시,1.12
전라남도,여수시,무선로,전라남도 여수시 성산로 121,전라남도 여수시 화장동 944-58,C0134,04,N,N,34.77912626,127.6483439,6,8,28,Y,N,N,25,165,N,Y,Y,Y,전라남도 여수시청,061-659-5213,2020-10-01,4810000,전라남도 여수시,1.12
전라남도,여수시,무선로,전라남도 여수시 무선로 265,전라남도 여수시 화장동 944,C0135,01,N,N,34.78069976,127.6451832,6,8,22,Y,Y,N,25,165,N,Y,Y,N,전라남도 여수시청,061-659-5213,2020-10-01,4810000,전라남도 여수시,0.88
전라남도,여수시,덕양로,전라남도 여수시 소라면 덕양로 18,전라남도 여수시 소라면 죽림리 1180-2,C0136,01,Y,N,34.76107186,127.6338508,8,8,28,Y,N,Y,28,122,N,Y,Y,Y,전라남도 여수시청,061-659-5213,2020-10-01,4810000,전라남도 여수시,1
전라남도,여수시,덕양로,전라남도 여수시 소라면 덕양로 97-7,전라남도 여수시 소라면 죽림리 1102,C0139,01,Y,N,34.76814783,127.6362732,8,8,24,Y,N,Y,30,120,N,Y,Y,Y,전라남도 여수시청,061-659-5213,2020-10-01,4810000,전라남도 여수시,0.8
전라남도,여수시,덕양로,전라남도 여수시 소라면 덕양로 97,전라남도 여수시 소라면 죽림리 1099,C0140,01,Y,N,34.76830098,127.6366677,8,8,24,Y,N,Y,30,120,N,Y,Y,Y,전라남도 여수시청,061-659-5213,2020-10-01,4810000,전라남도 여수시,0.8
전라남도,여수시,덕양로,전라남도 여수시 화산로 2,전라남도 여수시 화장동 894-118,C0141,01,Y,N,34.7708097,127.6390658,5,8,20,Y,N,N,25,125,N,Y,Y,Y,전라남도 여수시청,061-659-5213,2020-10-01,4810000,전라남도 여수시,0.8
전라남도,여수시,덕양로,전라남도 여수시 덕양로 156,전라남도 여수시 화장동 883-11,C0142,01,N,N,34.77280351,127.6384673,4,6,24,Y,N,N,30,120,N,Y,Y,N,전라남도 여수시청,061-659-5213,2020-10-01,4810000,전라남도 여수시,0.8
전라남도,여수시,덕양로,전라남도 여수시 덕양로 176,전라남도 여수시 화장동 877-1,C0143,01,N,N,34.77447758,127.6375901,4,6,12,Y,N,N,19,131,N,Y,Y,N,전라남도 여수시청,061-659-5213,2020-10-01,4810000,전라남도 여수시,0.6315789474
전라남도,여수시,신월로,,전라남도 여수시 웅천동 1215-3,C0092,04,Y,N,34.693003,127.657536,9,6,28,Y,N,N,30,160,N,Y,Y,Y,전라남도 여수시청,061-659-5213,2020-10-01,4810000,전라남도 여수시,0.9333333333
전라남도,여수시,신월로,,전라남도 여수시 웅천동 1521,C0093,04,Y,N,34.693003,127.657536,9,6,31,Y,N,N,30,160,N,Y,Y,Y,전라남도 여수시청,061-659-5213,2020-10-01,4810000,전라남도 여수시,1.033333333
전라남도,여수시,신월로,,전라남도 여수시 웅천동 1555-1,C0094,04,Y,N,34.693003,127.657536,9,6,31,Y,N,N,30,160,N,Y,Y,Y,전라남도 여수시청,061-659-5213,2020-10-01,4810000,전라남도 여수시,1.033333333
전라남도,여수시,신월로,전라남도 여수시 신월로 319,전라남도 여수시 신월동 1240-17,C0096,01,Y,N,34.73341784,127.6868753,9,8,18,Y,N,N,25,155,N,Y,Y,N,전라남도 여수시청,061-659-5213,2020-10-01,4810000,전라남도 여수시,0.72
전라남도,여수시,신월로,,전라남도 여수시 신월동 1751-1,C0097,01,Y,N,34.728262,127.6953801,9,8,18,Y,N,N,25,155,N,Y,Y,N,전라남도 여수시청,061-659-5213,2020-10-01,4810000,전라남도 여수시,0.72
전라남도,여수시,신월로,전라남도 여수시 신월로 435,전라남도 여수시 신월동 342-14,C0098,01,Y,N,34.72744756,127.6976362,6,8,18,Y,N,N,25,155,N,Y,Y,Y,전라남도 여수시청,061-659-5213,2020-10-01,4810000,전라남도 여수시,0.72
전라남도,여수시,신월로,전라남도 여수시 신월로 448-1,전라남도 여수시 신월동 302-2,C0099,01,Y,N,34.7261988,127.6982179,6,8,18,Y,N,N,25,155,N,Y,Y,Y,전라남도 여수시청,061-659-5213,2020-10-01,4810000,전라남도 여수시,0.72
전라남도,여수시,신월로,,전라남도 여수시 신월동 239-6,C0100,01,Y,N,34.693003,127.657536,6,8,18,Y,N,N,25,155,N,Y,Y,N,전라남도 여수시청,061-659-5213,2020-10-01,4810000,전라남도 여수시,0.72
전라남도,여수시,신월로,전라남도 여수시 신월로 496-2,전라남도 여수시 신월동 226-3,C0101,01,N,N,34.7235029,127.7017249,6,8,18,Y,N,Y,25,155,N,Y,Y,Y,전라남도 여수시청,061-659-5213,2020-10-01,4810000,전라남도 여수시,0.72
전라남도,여수시,신월로,,전라남도 여수시 신월동116-48,C0102,01,N,N,34.693003,127.657536,6,6,18,Y,N,N,25,155,N,Y,Y,Y,전라남도 여수시청,061-659-5213,2020-10-01,4810000,전라남도 여수시,0.72
전라남도,여수시,신월로,,전라남도 여수시 신월동110,C0103,01,Y,N,34.693003,127.657536,7,6,18,Y,N,N,25,155,N,Y,Y,Y,전라남도 여수시청,061-659-5213,2020-10-01,4810000,전라남도 여수시,0.72
전라남도,여수시,신월로,전라남도 여수시 신월로 593,전라남도 여수시 신월동 44-1,C0105,01,N,N,34.7262067,127.7111721,7,8,18,Y,N,N,25,155,N,Y,Y,Y,전라남도 여수시청,061-659-5213,2020-10-01,4810000,전라남도 여수시,0.72
전라남도,여수시,신월로,전라남도 여수시 신월로 598,전라남도 여수시 신월동 28-1,C0106,01,N,N,34.7261497,127.7117821,7,6,18,Y,N,N,25,155,N,Y,Y,Y,전라남도 여수시청,061-659-5213,2020-10-01,4810000,전라남도 여수시,0.72
전라남도,여수시,신월로,전라남도 여수시 신월로 626,전라남도 여수시 국동 1064-1,C0107,01,Y,N,34.72790772,127.7140937,7,6,18,Y,N,Y,25,155,N,Y,Y,Y,전라남도 여수시청,061-659-5213,2020-10-01,4810000,전라남도 여수시,0.72
전라남도,여수시,신월로,전라남도 여수시 신월로 640-1,전라남도 여수시 국동 1053,C0108,01,N,N,34.7287697,127.7153846,7,8,18,Y,N,N,25,155,N,Y,Y,Y,전라남도 여수시청,061-659-5213,2020-10-01,4810000,전라남도 여수시,0.72
전라남도,여수시,신월로,전라남도 여수시 신월로 672-1,전라남도 여수시 국동 462-1,C0110,01,Y,N,34.73092237,127.7176814,7,6,18,Y,N,N,25,155,N,Y,Y,Y,전라남도 여수시청,061-659-5213,2020-10-01,4810000,전라남도 여수시,0.72
전라남도,여수시,신월로,전라남도 여수시 신월로 676,전라남도 여수시 국동 531,C0111,01,N,N,34.7312575,127.7179641,7,6,18,Y,N,N,25,155,N,Y,Y,Y,전라남도 여수시청,061-659-5213,2020-10-01,4810000,전라남도 여수시,0.72
전라남도,여수시,신월로,전라남도 여수시 신월로 692,전라남도 여수시 국동 1-7,C0112,01,N,N,34.73251569,127.7188725,6,6,18,Y,N,Y,25,155,N,Y,Y,Y,전라남도 여수시청,061-659-5213,2020-10-01,4810000,전라남도 여수시,0.72
전라남도,여수시,신월로,전라남도 여수시 신월로 700,전라남도 여수시 봉산동 282-16,C0113,01,N,N,34.7330544,127.7192334,5,8,18,Y,N,Y,25,155,N,Y,Y,Y,전라남도 여수시청,061-659-5213,2020-10-01,4810000,전라남도 여수시,0.72
전라남도,여수시,신월로,전라남도 여수시 신월로 700,전라남도 여수시 봉산동 282-16,C0114,01,N,N,34.7330544,127.7192334,5,8,18,Y,N,Y,25,155,N,Y,Y,N,전라남도 여수시청,061-659-5213,2020-10-01,4810000,전라남도 여수시,0.72
전라남도,여수시,신월로,전라남도 여수시 신월로 713,전라남도 여수시 국동 647-3,C0115,01,N,N,34.73440506,127.7195216,6,8,18,Y,N,Y,25,155,N,Y,Y,Y,전라남도 여수시청,061-659-5213,2020-10-01,4810000,전라남도 여수시,0.72
전라남도,여수시,신월로,전라남도 여수시 신월로 732,전라남도 여수시 봉산동 251-16,C0116,01,N,N,34.7354601,127.7210162,7,8,18,Y,N,N,25,155,N,Y,Y,Y,전라남도 여수시청,061-659-5213,2020-10-01,4810000,전라남도 여수시,0.72
전라남도,여수시,신월로,전라남도 여수시 신월로 745,전라남도 여수시 봉산동 849-2,C0117,01,N,N,34.73680714,127.7213939,6,8,18,Y,N,N,25,155,N,Y,Y,Y,전라남도 여수시청,061-659-5213,2020-10-01,4810000,전라남도 여수시,0.72
전라남도,여수시,신월로,전라남도 여수시 신월로 750-1,전라남도 여수시 봉산동 241-18,C0118,04,N,N,34.73690972,127.7221208,7,8,22,Y,N,N,29,151,N,Y,Y,Y,전라남도 여수시청,061-659-5213,2020-10-01,4810000,전라남도 여수시,0.7586206897
전라남도,여수시,신월로,,전라남도 여수시 웅천동 594-8,C0090,04,Y,N,34.693003,127.657536,9,8,32,Y,N,N,30,160,N,Y,Y,Y,전라남도 여수시청,061-659-5213,2020-10-01,4810000,전라남도 여수시,1.066666667
전라남도,여수시,신월로,전라남도 여수시 신월로 96,전라남도 여수시 웅천동 1720-1,C0091,04,Y,N,34.74910343,127.6789368,9,8,32,Y,N,N,30,160,N,Y,Y,Y,전라남도 여수시청,061-659-5213,2020-10-01,4810000,전라남도 여수시,1.066666667
전라남도,여수시,흥국로,전라남도 여수시 시청로 24,전라남도 여수시 학동 69-1,C0064,01,N,N,34.7635498,127.6632534,4,8,12,Y,N,N,20,170,N,Y,Y,Y,전라남도 여수시청,061-659-5213,2020-10-01,4810000,전라남도 여수시,0.6
전라남도,여수시,흥국로,전라남도 여수시 흥국로 58,전라남도 여수시 학동 78-5,C0068,01,N,N,34.76210303,127.6686425,4,8,12,Y,N,Y,20,140,N,Y,Y,N,전라남도 여수시청,061-659-5213,2020-10-01,4810000,전라남도 여수시,0.6
전라남도,여수시,흥국로,전라남도 여수시 선소로 108,전라남도 여수시 신기동 59-12,C0069,01,Y,N,34.7620443,127.6691136,4,8,12,Y,N,Y,20,140,N,Y,Y,N,전라남도 여수시청,061-659-5213,2020-10-01,4810000,전라남도 여수시,0.6
전라남도,여수시,흥국로,전라남도 여수시 흥국로 106,전라남도 여수시 신기동 73-2,C0071,01,Y,N,34.7610144,127.6736314,4,8,12,Y,N,N,19,161,N,Y,Y,N,전라남도 여수시청,061-659-5213,2020-10-01,4810000,전라남도 여수시,0.6315789474
전라남도,여수시,새터로,전라남도 여수시 새터로 3,전라남도 여수시 신기동 128-10,C0072,01,N,N,34.7572159,127.6743453,6,6,18,Y,N,N,25,165,N,Y,Y,Y,전라남도 여수시청,061-659-5213,2020-10-01,4810000,전라남도 여수시,0.72
전라남도,여수시,새터로,전라남도 여수시 새터로 25-1,전라남도 여수시 신기동 92-4,C0073,01,N,N,34.7590299,127.6752404,6,6,18,Y,N,N,25,165,N,Y,Y,N,전라남도 여수시청,061-659-5213,2020-10-01,4810000,전라남도 여수시,0.72
전라남도,여수시,새터로,전라남도 여수시 새터로 55,전라남도 여수시 신기동 73-11,C0074,01,N,N,34.76099564,127.6739925,6,6,18,Y,N,N,25,165,N,Y,Y,Y,전라남도 여수시청,061-659-5213,2020-10-01,4810000,전라남도 여수시,0.72
전라남도,여수시,새터로,전라남도 여수시 새터로 64,전라남도 여수시 신기동 75-4,C0075,01,Y,N,34.7615201,127.6742958,6,8,18,Y,N,N,25,165,N,Y,Y,N,전라남도 여수시청,061-659-5213,2020-10-01,4810000,전라남도 여수시,0.72
전라남도,여수시,새터로,전라남도 여수시 새터로 78-1,전라남도 여수시 신기동 38-18,C0076,01,N,N,34.7627561,127.6750445,6,8,18,Y,N,N,25,165,N,Y,Y,N,전라남도 여수시청,061-659-5213,2020-10-01,4810000,전라남도 여수시,0.72
전라남도,여수시,새터로,전라남도 여수시 새터로 98,전라남도 여수시 신기동 12-2,C0077,01,Y,N,34.7636385,127.6766752,6,8,18,Y,N,N,25,165,N,Y,Y,Y,전라남도 여수시청,061-659-5213,2020-10-01,4810000,전라남도 여수시,0.72
전라남도,여수시,쌍봉로,전라남도 여수시 무선로 76,전라남도 여수시 학동 1,C0078,01,N,N,34.76788707,127.6559725,9,6,27,Y,N,N,31,159,N,Y,Y,Y,전라남도 여수시청,061-659-5213,2020-10-01,4810000,전라남도 여수시,0.8709677419
전라남도,여수시,쌍봉로,전라남도 여수시 쌍봉로 27,전라남도 여수시 학동 4-14,C0079,01,N,N,34.7667148,127.658959,9,6,27,Y,N,N,34,156,N,Y,Y,Y,전라남도 여수시청,061-659-5213,2020-10-01,4810000,전라남도 여수시,0.7941176471
전라남도,여수시,쌍봉로,전라남도 여수시 쌍봉로 31,전라남도 여수시 학동 5-26,C0080,01,N,N,34.7667234,127.6594672,9,6,27,Y,N,N,34,156,N,Y,Y,Y,전라남도 여수시청,061-659-5213,2020-10-01,4810000,전라남도 여수시,0.7941176471
전라남도,여수시,쌍봉로,전라남도 여수시 쌍봉로 43,전라남도 여수시 학동 11-16,C0081,01,N,N,34.7667261,127.6607738,9,8,27,Y,N,N,30,160,N,Y,Y,Y,전라남도 여수시청,061-659-5213,2020-10-01,4810000,전라남도 여수시,0.9
전라남도,여수시,쌍봉로,전라남도 여수시 쌍봉로 57,전라남도 여수시 학동 12-9,C0082,01,N,N,34.7666527,127.6622056,9,8,27,Y,N,Y,30,160,N,Y,Y,N,전라남도 여수시청,061-659-5213,2020-10-01,4810000,전라남도 여수시,0.9
전라남도,여수시,쌍봉로,전라남도 여수시 쌍봉로 68,전라남도 여수시 학동 43-1,C0083,01,N,N,34.7660562,127.6633404,8,8,27,Y,N,Y,30,160,N,Y,Y,N,전라남도 여수시청,061-659-5213,2020-10-01,4810000,전라남도 여수시,0.9
전라남도,여수시,쌍봉로,전라남도 여수시 쌍봉로 92,전라남도 여수시 학동 39-9,C0084,01,N,N,34.7656961,127.6658044,7,8,27,Y,N,N,31,159,N,Y,Y,Y,전라남도 여수시청,061-659-5213,2020-10-01,4810000,전라남도 여수시,0.8709677419
전라남도,여수시,쌍봉로,전라남도 여수시 쌍봉로 108,전라남도 여수시 학동 18-2,C0085,01,N,N,34.7655334,127.6675971,8,8,27,Y,N,N,31,159,N,Y,Y,Y,전라남도 여수시청,061-659-5213,2020-10-01,4810000,전라남도 여수시,0.8709677419
전라남도,여수시,쌍봉로,전라남도 여수시 쌍봉로 129,전라남도 여수시 학동 16-6,C0086,01,N,N,34.7657086,127.6700646,8,8,27,Y,N,N,29,161,N,Y,Y,N,전라남도 여수시청,061-659-5213,2020-10-01,4810000,전라남도 여수시,0.9310344828
전라남도,여수시,쌍봉로,전라남도 여수시 쌍봉로 133,전라남도 여수시 학동 16-12,C0087,01,N,N,34.7656593,127.6704908,9,6,27,Y,N,N,29,161,N,Y,Y,N,전라남도 여수시청,061-659-5213,2020-10-01,4810000,전라남도 여수시,0.9310344828
전라남도,여수시,쌍봉로,전라남도 여수시 쌍봉로 202,전라남도 여수시 신기동 12-10,C0088,01,N,N,34.7641002,127.6777341,9,8,27,Y,N,Y,29,161,N,Y,Y,Y,전라남도 여수시청,061-659-5213,2020-10-01,4810000,전라남도 여수시,0.9310344828
전라남도,여수시,신월로,전라남도 여수시 신월로 2,전라남도 여수시 신기동 129-3,C0089,01,N,N,34.7566678,127.6741562,7,8,18,Y,N,N,25,165,N,Y,Y,Y,전라남도 여수시청,061-659-5213,2020-10-01,4810000,전라남도 여수시,0.72
전라남도,여수시,시청로,전라남도 여수시 시청로 52,전라남도 여수시 학동 43-9,C0037,01,Y,N,34.76610801,127.6631743,9,8,30,Y,N,Y,30,160,N,Y,Y,N,전라남도 여수시청,061-659-5213,2020-10-01,4810000,전라남도 여수시,1
전라남도,여수시,시청로,전라남도 여수시 시청로 60,전라남도 여수시 학동 13-3,C0038,01,Y,N,34.76700628,127.663033,8,8,30,Y,N,Y,30,160,N,Y,Y,N,전라남도 여수시청,061-659-5213,2020-10-01,4810000,전라남도 여수시,1
전라남도,여수시,시청로,,전라남도 여수시 선원동 26-3,C0039,01,N,N,34.772008,127.663013,9,8,30,Y,N,N,31,159,N,Y,Y,N,전라남도 여수시청,061-659-5213,2020-10-01,4810000,전라남도 여수시,0.9677419355
전라남도,여수시,시청로,,전라남도 여수시 여천동 695-5,C0040,01,N,N,34.693003,127.657536,4,6,15,Y,N,Y,20,170,N,Y,Y,Y,전라남도 여수시청,061-659-5213,2020-10-01,4810000,전라남도 여수시,0.75
전라남도,여수시,시청로,,전라남도 여수시 여천동 680-18,C0041,01,N,N,34.693003,127.657536,10,6,35,Y,N,Y,40,150,N,Y,Y,Y,전라남도 여수시청,061-659-5213,2020-10-01,4810000,전라남도 여수시,0.875
전라남도,여수시,시청로,전라남도 여수시 시청로 245,전라남도 여수시 여천동 881-2,C0042,01,N,N,34.7839651,127.6621977,8,6,30,Y,N,N,33,157,N,Y,Y,Y,전라남도 여수시청,061-659-5213,2020-10-01,4810000,전라남도 여수시,0.9090909091
전라남도,여수시,망마로,,전라남도 여수시 학동 158,C0043,01,Y,N,34.693003,127.657536,6,6,20,Y,N,N,25,70,N,Y,Y,Y,전라남도 여수시청,061-659-5213,2020-10-01,4810000,전라남도 여수시,0.8
전라남도,여수시,망마로,전라남도 여수시 망마로 16-1,전라남도 여수시 학동 98-1,C0045,01,Y,N,34.76027534,127.6648904,6,6,20,Y,N,N,25,165,N,Y,Y,Y,전라남도 여수시청,061-659-5213,2020-10-01,4810000,전라남도 여수시,0.8
전라남도,여수시,망마로,,전라남도 여수시 학동 84-9,C0046,01,Y,N,34.760072,127.666447,6,6,20,Y,N,Y,25,165,N,Y,Y,Y,전라남도 여수시청,061-659-5213,2020-10-01,4810000,전라남도 여수시,0.8
전라남도,여수시,망마로,전라남도 여수시 망마로 42,전라남도 여수시 학동 85-24,C0047,01,Y,N,34.7591401,127.6673282,6,6,20,Y,N,Y,22,168,N,Y,Y,N,전라남도 여수시청,061-659-5213,2020-10-01,4810000,전라남도 여수시,0.9090909091
전라남도,여수시,망마로,전라남도 여수시 망마로 47,전라남도 여수시 신기동 109-7,C0048,01,Y,N,34.75937686,127.6679808,6,6,20,Y,N,Y,25,165,N,Y,Y,N,전라남도 여수시청,061-659-5213,2020-10-01,4810000,전라남도 여수시,0.8
전라남도,여수시,망마로,전라남도 여수시 망마로 61-1,전라남도 여수시 신기동 110-9,C0049,01,Y,N,34.75888724,127.6694884,7,6,20,Y,N,N,25,165,N,Y,Y,Y,전라남도 여수시청,061-659-5213,2020-10-01,4810000,전라남도 여수시,0.8
전라남도,여수시,망마로,전라남도 여수시 망마로 79,전라남도 여수시 신기동 117-8,C0050,01,Y,N,34.7582765,127.6712944,7,6,20,Y,N,N,25,165,N,Y,Y,N,전라남도 여수시청,061-659-5213,2020-10-01,4810000,전라남도 여수시,0.8
전라남도,여수시,망마로,전라남도 여수시 망마로 110,전라남도 여수시 신기동 129-2,C0051,01,N,N,34.7567296,127.6739805,7,6,20,Y,N,N,25,165,N,Y,Y,Y,전라남도 여수시청,061-659-5213,2020-10-01,4810000,전라남도 여수시,0.8
전라남도,여수시,선소로,전라남도 여수시 선소로 29,전라남도 여수시 학동 182-9,C0052,04,Y,N,34.7566667,127.6647466,6,8,24,Y,N,N,25,165,N,Y,Y,Y,전라남도 여수시청,061-659-5213,2020-10-01,4810000,전라남도 여수시,0.96
전라남도,여수시,선소로,전라남도 여수시 선소로 49,전라남도 여수시 학동 89-4,C0053,01,N,N,34.75732046,127.6664562,4,6,18,Y,N,N,28,162,N,Y,Y,Y,전라남도 여수시청,061-659-5213,2020-10-01,4810000,전라남도 여수시,0.6428571429
전라남도,여수시,선소로,전라남도 여수시 망마로 42,전라남도 여수시 학동 85-24,C0055,04,N,N,34.7591401,127.6673282,6,6,18,Y,N,Y,25,165,N,Y,Y,N,전라남도 여수시청,061-659-5213,2020-10-01,4810000,전라남도 여수시,0.72
전라남도,여수시,선소로,전라남도 여수시 망마로 47,전라남도 여수시 신기동 109-7,C0056,01,Y,N,34.75937686,127.6679808,6,8,18,Y,N,Y,25,165,N,Y,Y,N,전라남도 여수시청,061-659-5213,2020-10-01,4810000,전라남도 여수시,0.72
전라남도,여수시,선소로,전라남도 여수시 선소로 92,전라남도 여수시 신기동 108-11,C0057,01,Y,N,34.7605352,127.6684903,6,8,18,Y,N,Y,25,165,N,Y,Y,Y,전라남도 여수시청,061-659-5213,2020-10-01,4810000,전라남도 여수시,0.72
전라남도,여수시,선소로,전라남도 여수시 선소로 108,전라남도 여수시 신기동 59-12,C0058,01,Y,N,34.7620443,127.6691136,5,8,18,Y,N,Y,20,140,N,Y,Y,N,전라남도 여수시청,061-659-5213,2020-10-01,4810000,전라남도 여수시,0.9
전라남도,여수시,선소로,전라남도 여수시 흥국로 61,전라남도 여수시 신기동 58-8,C0059,01,Y,N,34.7623638,127.6692859,6,8,18,Y,N,Y,20,140,N,Y,Y,N,전라남도 여수시청,061-659-5213,2020-10-01,4810000,전라남도 여수시,0.9
전라남도,여수시,선소로,전라남도 여수시 선소로 126,전라남도 여수시 신기동 56-5,C0060,01,N,N,34.7635433,127.6697575,6,8,18,Y,N,N,24,156,N,Y,Y,N,전라남도 여수시청,061-659-5213,2020-10-01,4810000,전라남도 여수시,0.75
전라남도,여수시,선소로,전라남도 여수시 쌍봉로 134,전라남도 여수시 신기동 27-1,C0061,01,Y,N,34.7650967,127.6704493,5,8,25,Y,N,N,25,165,N,Y,Y,N,전라남도 여수시청,061-659-5213,2020-10-01,4810000,전라남도 여수시,1
전라남도,여수시,동동로,,전라남도 여수시 학동 201,C0063,04,Y,N,34.693003,127.657536,4,6,22,Y,N,N,22,138,N,Y,Y,Y,전라남도 여수시청,061-659-5213,2020-10-01,4810000,전라남도 여수시,1
전라남도,여수시,도원로,전라남도 여수시 소라면 죽림로 3,전라남도 여수시 소라면 죽림리 1229-6,C0010,01,N,N,34.761132,127.639571,7,8,22,Y,N,Y,25,125,N,Y,Y,Y,전라남도 여수시청,061-659-5213,2020-10-01,4810000,전라남도 여수시,0.88
전라남도,여수시,도원로,전라남도 여수시 소라면 죽림중앙로 4,전라남도 여수시 소라면 죽림리 1213-3,C0011,01,N,N,34.761067,127.635945,7,8,18,Y,N,Y,28,122,N,Y,Y,Y,전라남도 여수시청,061-659-5213,2020-10-01,4810000,전라남도 여수시,0.6428571429
전라남도,여수시,도원로,전라남도 여수시 소라면 죽림중앙로 5,전라남도 여수시 소라면 죽림리 1182-3,C0012,01,N,N,34.76109091,127.6352969,7,8,18,Y,N,Y,28,122,N,Y,Y,Y,전라남도 여수시청,061-659-5213,2020-10-01,4810000,전라남도 여수시,0.6428571429
전라남도,여수시,도원로,전라남도 여수시 소라면 덕양로 18,전라남도 여수시 소라면 죽림리 1180-2,C0013,01,Y,N,34.76107186,127.6338508,7,8,18,Y,N,Y,28,122,N,Y,Y,Y,전라남도 여수시청,061-659-5213,2020-10-01,4810000,전라남도 여수시,0.6428571429
전라남도,여수시,도원로,전라남도 여수시 소라면 덕양로 18,전라남도 여수시 소라면 죽림리 1108-1,C0014,01,Y,N,34.761022,127.633105,7,8,18,Y,N,Y,28,122,N,Y,Y,Y,전라남도 여수시청,061-659-5213,2020-10-01,4810000,전라남도 여수시,0.6428571429
전라남도,여수시,도원로,전라남도 여수시 소라면 원죽길 3,전라남도 여수시 소라면 죽림리 650-13,C0015,01,N,N,34.760946,127.631652,5,6,18,Y,Y,N,28,122,N,Y,Y,N,전라남도 여수시청,061-659-5213,2020-10-01,4810000,전라남도 여수시,0.6428571429
전라남도,여수시,소호로,전라남도 여수시 소호로 649,전라남도 여수시 안산동 442,C0016,01,Y,N,34.7607236,127.6550805,6,8,18,Y,N,Y,25,165,N,Y,Y,N,전라남도 여수시청,061-659-5213,2020-10-01,4810000,전라남도 여수시,0.72
전라남도,여수시,소호로,,전라남도 여수시 안산동 705,C0017,01,N,N,34.758735,127.655518,7,8,18,Y,N,N,25,165,N,Y,Y,Y,전라남도 여수시청,061-659-5213,2020-10-01,4810000,전라남도 여수시,0.72
전라남도,여수시,소호로,전라남도 여수시 소호로 622,전라남도 여수시 학동 196-12,C0018,01,N,N,34.7572423,127.6568052,7,8,18,Y,N,N,25,135,N,Y,Y,N,전라남도 여수시청,061-659-5213,2020-10-01,4810000,전라남도 여수시,0.72
전라남도,여수시,소호로,,전라남도 여수시 안산동 2-1,C0019,01,Y,N,34.755421,127.656788,5,8,20,Y,N,N,25,135,N,Y,Y,N,전라남도 여수시청,061-659-5213,2020-10-01,4810000,전라남도 여수시,0.8
전라남도,여수시,소호로,,전라남도 여수시 안산동 713-1,C0020,01,Y,N,34.754206,127.657547,5,8,18,Y,N,N,22,138,N,Y,Y,N,전라남도 여수시청,061-659-5213,2020-10-01,4810000,전라남도 여수시,0.8181818182
전라남도,여수시,소호로,,전라남도 여수시 안산동 762,C0021,01,Y,N,34.750964,127.655638,5,6,18,Y,N,N,22,138,N,Y,Y,N,전라남도 여수시청,061-659-5213,2020-10-01,4810000,전라남도 여수시,0.8181818182
전라남도,여수시,소호로,전라남도 여수시 소호로 482-1,전라남도 여수시 소호동 365-17,C0023,01,Y,N,34.7452554,127.6537354,5,6,18,Y,N,N,22,138,N,Y,Y,Y,전라남도 여수시청,061-659-5213,2020-10-01,4810000,전라남도 여수시,0.8181818182
전라남도,여수시,소호로,전라남도 여수시 소호로 457,전라남도 여수시 소호동 360-7,C0025,01,Y,N,34.74391016,127.6515173,5,6,18,Y,N,N,22,138,N,Y,Y,N,전라남도 여수시청,061-659-5213,2020-10-01,4810000,전라남도 여수시,0.8181818182
전라남도,여수시,소호로,전라남도 여수시 소호로 405,전라남도 여수시 소호동 443-1,C0026,01,Y,N,34.73939396,127.6496955,4,6,18,Y,N,N,19,141,N,Y,Y,N,전라남도 여수시청,061-659-5213,2020-10-01,4810000,전라남도 여수시,0.9473684211
전라남도,여수시,소호로,,전라남도 여수시 소호동 522-4,C0028,01,Y,N,34.693003,127.657536,6,6,22,Y,N,N,28,132,N,Y,Y,Y,전라남도 여수시청,061-659-5213,2020-10-01,4810000,전라남도 여수시,0.7857142857
전라남도,여수시,소호로,,전라남도 여수시 소호동 920-1,C0030,01,N,N,34.693003,127.657536,4,8,14,Y,N,N,22,138,N,Y,Y,N,전라남도 여수시청,061-659-5213,2020-10-01,4810000,전라남도 여수시,0.6363636364
전라남도,여수시,소호로,,전라남도 여수시 소호동 921-5,C0031,01,N,N,34.693003,127.657536,4,8,20,Y,N,N,27,133,N,Y,Y,N,전라남도 여수시청,061-659-5213,2020-10-01,4810000,전라남도 여수시,0.7407407407
전라남도,여수시,소호로,전라남도 여수시 소호로 247,전라남도 여수시 소호동 1040-8,C0033,01,N,N,34.693003,127.657536,6,6,24,Y,N,N,30,130,N,Y,Y,Y,전라남도 여수시청,061-659-5213,2020-10-01,4810000,전라남도 여수시,0.8
전라남도,여수시,소호로,,전라남도 여수시 소호동 1044-2,C0034,04,N,N,34.693003,127.657536,5,6,30,Y,N,N,20,140,N,Y,Y,Y,전라남도 여수시청,061-659-5213,2020-10-01,4810000,전라남도 여수시,1.5
전라남도,여수시,시청로,전라남도 여수시 시청로 2,전라남도 여수시 학동 71-2,C0035,01,Y,N,34.76203689,127.6634966,8,8,30,Y,N,Y,28,67,N,Y,Y,Y,전라남도 여수시청,061-659-5213,2020-10-01,4810000,전라남도 여수시,1.071428571
전라남도,여수시,시청로,전라남도 여수시 시청로 30,전라남도 여수시 학동 36,C0036,01,N,N,34.7641623,127.6633907,9,8,30,Y,N,Y,33,157,N,Y,Y,N,전라남도 여수시청,061-659-5213,2020-10-01,4810000,전라남도 여수시,0.9090909091
전라남도,여수시,도원로,전라남도 여수시 도원로 279,전라남도 여수시 학동 67-8,C0001,01,N,N,34.76152838,127.661796,7,8,20,Y,N,Y,25,70,N,Y,Y,Y,전라남도 여수시청,061-659-5213,2020-10-01,4810000,전라남도 여수시,0.8
전라남도,여수시,도원로,전라남도 여수시 도원로 257,전라남도 여수시 학동 67-1,C0002,01,N,N,34.76122476,127.659492,7,8,20,Y,N,N,25,70,N,Y,Y,N,전라남도 여수시청,061-659-5213,2020-10-01,4810000,전라남도 여수시,0.8
전라남도,여수시,도원로,전라남도 여수시 무선로 6,전라남도 여수시 학동 61,C0003,01,Y,N,34.76135237,127.6563903,7,8,20,Y,N,Y,23,167,N,Y,Y,N,전라남도 여수시청,061-659-5213,2020-10-01,4810000,전라남도 여수시,0.8695652174
전라남도,여수시,도원로,전라남도 여수시 도원로 215,전라남도 여수시 선원동 1116,C0004,01,N,N,34.76133573,127.6555175,7,8,20,Y,N,Y,25,165,N,Y,Y,N,전라남도 여수시청,061-659-5213,2020-10-01,4810000,전라남도 여수시,0.8
전라남도,여수시,도원로,전라남도 여수시 선원4길 3,전라남도 여수시 선원동 1342-1,C0005,01,N,N,34.76121809,127.6523135,7,8,20,Y,N,N,28,162,N,Y,Y,N,전라남도 여수시청,061-659-5213,2020-10-01,4810000,전라남도 여수시,0.7142857143
전라남도,여수시,도원로,전라남도 여수시 도원로 171,전라남도 여수시 선원동 1344-2,C0006,01,N,N,34.76117426,127.6500252,6,8,20,Y,N,N,28,162,N,Y,Y,Y,전라남도 여수시청,061-659-5213,2020-10-01,4810000,전라남도 여수시,0.7142857143
전라남도,여수시,도원로,전라남도 여수시 도원로 143,전라남도 여수시 선원동 1225-10,C0007,01,N,N,34.76119647,127.6469043,6,8,20,Y,N,N,28,162,N,Y,Y,Y,전라남도 여수시청,061-659-5213,2020-10-01,4810000,전라남도 여수시,0.7142857143
전라남도,여수시,도원로,전라남도 여수시 도원로 129,전라남도 여수시 선원동 1225-19,C0008,01,N,N,34.76117072,127.645471,6,8,20,Y,N,N,25,165,N,Y,Y,Y,전라남도 여수시청,061-659-5213,2020-10-01,4810000,전라남도 여수시,0.8
전라남도,여수시,도원로,전라남도 여수시 소라면 죽림로 10,전라남도 여수시 소라면 죽림리 1132,C0009,01,N,N,34.7614601,127.640826,7,8,22,Y,N,Y,28,122,N,Y,Y,Y,전라남도 여수시청,061-659-5213,2020-10-01,4810000,전라남도 여수시,0.7857142857